date,open,high,low,close,volume,amount
2019-01-02,28.99,29.13,28.29,28.4,20862411.0,764857119.0
2019-01-03,28.26,28.7,28.05,28.21,14323343.0,520938087.0
2019-01-04,28.05,28.89,27.9,28.82,27711832.0,1012555409.0
2019-01-07,29.35,29.35,28.57,28.82,25299657.0,937395171.0
2019-01-08,28.87,28.99,28.58,28.72,13469806.0,496396723.0
2019-01-09,29.81,30.78,29.47,30.39,82585850.0,3201852582.0
2019-01-10,30.28,31.0,30.08,30.62,35595556.0,1398943849.0
2019-01-11,30.78,31.13,30.27,31.05,27813944.0,1098274247.0
2019-01-14,31.1,31.45,30.64,30.74,18716051.0,743527540.0
2019-01-15,30.78,31.97,30.65,31.95,40219032.0,1629499422.0
2019-01-16,31.95,32.31,31.65,32.11,28623403.0,1177411063.0
2019-01-17,32.11,32.49,31.86,31.88,25974048.0,1073148520.0
2019-01-18,32.3,32.81,31.98,32.79,38442799.0,1603555662.0
2019-01-21,32.88,33.35,32.42,32.8,29411593.0,1241232668.0
2019-01-22,32.81,32.97,31.97,32.18,24468218.0,1012517245.0
2019-01-23,31.94,32.77,31.94,32.31,19227308.0,800266572.0
2019-01-24,32.57,32.8,32.11,32.41,21956286.0,914100254.0
2019-01-25,32.52,32.81,31.72,32.65,26754815.0,1112391467.0
2019-01-28,32.87,33.51,32.57,32.6,34221268.0,1454201793.0
2019-01-29,32.6,33.51,32.31,33.51,36969152.0,1565725525.0
2019-01-30,33.34,33.43,32.81,32.81,29219142.0,1242106824.0
2019-01-31,33.41,33.98,33.08,33.92,38921536.0,1676325686.0
2019-02-01,34.56,34.68,33.92,34.49,31220321.0,1378311583.0
2019-02-11,34.26,36.1,34.21,35.91,34905404.0,1588661130.0
2019-02-12,35.85,36.55,35.57,36.23,30289403.0,1404091095.0
2019-02-13,36.42,36.8,35.77,36.47,32414274.0,1511519913.0
2019-02-14,36.55,36.87,36.24,36.74,22921397.0,1077612636.0
2019-02-15,36.43,36.43,35.07,35.28,46535959.0,2121611352.0
2019-02-18,35.69,36.2,35.5,36.16,32570218.0,1500350038.0
2019-02-19,36.22,36.89,35.54,35.91,28075864.0,1303139830.0
2019-02-21,36.24,36.95,35.57,35.74,41442275.0,1917916038.0
2019-02-22,35.77,35.77,34.56,35.54,38882485.0,1750311008.0
2019-02-25,37.01,38.49,36.38,38.32,72852267.0,3466143742.0
2019-02-26,37.68,37.95,36.9,36.91,49051749.0,2357420868.0
2019-02-27,36.74,37.57,36.74,37.12,31870518.0,1519672019.0
2019-02-28,37.13,37.54,36.98,37.23,25324278.0,1209359037.0
2019-03-01,37.48,37.93,37.3,37.85,35840055.0,1732559948.0
2019-03-04,38.27,39.12,37.87,38.15,54264368.0,2680277817.0
2019-03-05,38.51,38.57,37.96,38.18,30924255.0,1516133283.0
2019-03-06,38.48,38.71,37.95,38.26,31652373.0,1553672307.0
2019-03-07,38.18,38.18,36.77,37.06,51162679.0,2450618686.0
2019-03-08,36.36,36.8,35.61,35.69,46300910.0,2143103988.0
2019-03-11,35.73,36.38,35.73,36.3,29056058.0,1345836614.0
2019-03-12,36.94,37.11,35.66,35.97,41167837.0,1923704514.0
2019-03-13,35.99,36.34,35.48,36.02,34880545.0,1601035404.0
2019-03-14,36.0,36.76,35.96,36.17,34423123.0,1607571195.0
2019-03-15,36.86,37.86,36.5,37.35,67236236.0,3208694078.0
2019-03-18,37.01,38.57,36.86,38.43,51499192.0,2513133994.0
2019-03-19,38.6,38.78,37.93,38.38,29701916.0,1458253078.0
2019-03-20,38.38,38.53,37.7,38.11,29175155.0,1427029779.0
2019-03-21,37.91,38.03,37.47,37.59,25832581.0,1248826262.0
2019-03-22,37.64,38.04,37.18,37.87,22708007.0,1095838362.0
2019-03-25,37.15,37.56,36.28,36.38,32685557.0,1548505468.0
2019-03-26,36.7,36.7,35.78,36.29,22442361.0,1045158395.0
2019-03-27,36.61,37.25,36.31,37.07,22752274.0,1077398365.0
2019-03-28,37.08,37.2,36.48,36.73,20235793.0,955165291.0
2019-03-29,36.63,38.09,36.63,37.97,43946365.0,2127847650.0
2019-04-01,38.42,41.74,38.38,41.25,97458863.0,5041465396.0
2019-04-02,41.25,41.58,40.31,40.44,55677616.0,2906671781.0
2019-04-03,40.1,40.96,40.09,40.68,37881297.0,1971575178.0
2019-04-04,40.68,42.06,40.67,41.81,53724512.0,2868122017.0
2019-04-08,41.81,43.37,41.46,42.22,52200536.0,2836276737.0
2019-04-09,43.26,43.91,42.24,42.87,41411208.0,2279920426.0
2019-04-10,42.63,43.3,41.81,42.64,39869943.0,2167514769.0
2019-04-11,42.64,42.66,40.76,40.86,51552545.0,2735915626.0
2019-04-12,40.4,40.86,39.33,39.97,46963565.0,2408399125.0
2019-04-15,40.56,41.53,40.13,40.13,40118707.0,2099197417.0
2019-04-16,39.74,41.21,39.47,41.21,31212763.0,1619936653.0
2019-04-17,41.4,41.76,40.5,41.3,36187013.0,1906297241.0
2019-04-18,41.71,42.34,41.38,41.63,26587494.0,1427725087.0
2019-04-19,41.57,43.44,41.07,42.92,37099542.0,2009741084.0
2019-04-22,42.85,42.85,40.68,41.14,41516788.0,2213184522.0
2019-04-23,40.68,41.18,40.19,40.73,36013507.0,1876295374.0
2019-04-24,40.91,41.17,40.17,40.99,28905902.0,1510805576.0
2019-04-25,40.76,40.76,39.96,40.06,25679535.0,1328686005.0
2019-04-26,39.72,40.02,38.39,38.47,45929376.0,2296898143.0
2019-04-29,38.47,40.51,38.46,39.98,44756287.0,2296294398.0
2019-04-30,40.05,41.69,40.05,40.83,45987952.0,2407890585.0
2019-05-06,38.88,39.77,38.18,38.24,66323495.0,3318296819.0
2019-05-07,39.2,40.12,38.88,39.55,71785225.0,3653919598.0
2019-05-22,40.14,41.47,39.74,40.06,80369414.0,4187357486.0
2019-05-23,39.51,39.59,38.5,38.58,42114999.0,2104165315.0
2019-05-24,38.4,39.18,38.19,38.82,29940665.0,1489846495.0
2019-05-27,38.82,39.03,38.09,38.77,28480786.0,1406654784.0
2019-05-28,38.78,39.91,38.78,39.36,34988936.0,1771284995.0
2019-05-29,39.0,39.68,38.85,39.26,21849380.0,1100280783.0
2019-05-30,39.49,39.77,38.8,39.56,32332955.0,1586232810.0
2019-05-31,39.2,40.12,39.16,39.68,24107766.0,1201722989.0
2019-06-03,39.83,40.79,39.8,40.09,22801010.0,1147776867.0
2019-06-04,40.1,40.47,39.37,39.76,16344731.0,811702804.0
2019-06-05,40.33,40.43,39.4,39.61,22979619.0,1147254244.0
2019-06-06,40.08,40.08,39.09,39.29,18573924.0,918001247.0
2019-06-10,39.65,40.0,39.47,39.81,24381043.0,1213075623.0
2019-06-11,39.75,41.47,39.68,41.17,37427417.0,1912923618.0
2019-06-12,41.07,41.29,40.66,41.21,21263683.0,1089754701.0
2019-06-13,41.35,41.35,40.17,40.82,20181618.0,1027154862.0
2019-06-14,41.02,41.52,40.44,40.45,13592896.0,692935414.0
2019-06-17,40.69,41.0,40.31,40.63,13274503.0,674222038.0
2019-06-18,40.61,41.04,40.4,40.73,12021879.0,613259814.0
2019-06-19,42.0,42.37,41.61,41.61,26345355.0,1381397040.0
2019-06-20,41.89,43.16,41.69,42.63,44843750.0,2389697358.0
2019-06-21,42.25,42.85,41.46,41.69,62281987.0,3260271976.0
2019-06-24,41.46,42.09,41.12,41.74,37697202.0,1965902486.0
2019-06-25,41.6,41.74,40.8,41.15,33048049.0,1701992981.0
2019-06-26,41.21,41.46,41.05,41.21,20254883.0,1043841122.0
2019-06-27,41.36,41.82,41.08,41.41,34520988.0,1789191030.0
2019-06-28,41.35,41.75,41.12,41.49,16957648.0,878142833.0
2019-07-01,42.37,43.56,42.21,43.27,61163012.0,3287136780.0
2019-07-02,42.93,44.08,42.85,43.85,50048615.0,2731208815.0
2019-07-03,44.17,44.25,42.94,43.27,35433551.0,1936469749.0
2019-07-04,43.56,44.08,43.2,43.52,32522651.0,1778536107.0
2019-07-05,43.49,44.4,42.85,44.21,38708518.0,2121442310.0
2019-07-08,43.77,44.04,43.21,43.51,30569091.0,1668586982.0
2019-07-09,43.44,43.58,42.69,43.07,25543296.0,1374182506.0
2019-07-10,43.44,43.44,42.78,43.12,14552591.0,783260389.0
2019-07-11,43.21,44.21,43.13,43.51,24381195.0,1332480112.0
2019-07-12,43.56,44.12,43.34,43.82,19806829.0,1085347581.0
2019-07-15,43.61,44.24,42.94,43.73,24296257.0,1323497519.0
2019-07-16,43.84,43.88,42.49,42.81,26009223.0,1396638230.0
2019-07-17,42.66,42.77,42.01,42.17,22648983.0,1198886765.0
2019-07-18,42.0,42.33,41.61,42.15,17885712.0,937199745.0
2019-07-19,42.71,42.71,41.99,42.07,20817364.0,1100783162.0
2019-07-22,42.16,42.56,41.6,42.24,19181022.0,1013260121.0
2019-07-23,42.24,42.57,42.17,42.56,14246298.0,755836384.0
2019-07-24,42.87,43.12,42.64,42.7,17738632.0,950135763.0
2019-07-25,42.7,42.91,42.43,42.76,16926346.0,902112474.0
2019-07-26,42.48,42.88,42.41,42.74,12894364.0,688512791.0
2019-07-29,42.91,43.5,42.73,43.21,22742228.0,1226826330.0
2019-07-30,43.42,44.3,43.4,44.16,34870480.0,1921787803.0
2019-07-31,44.1,44.53,43.65,43.76,19831720.0,1089621499.0
2019-08-01,43.51,43.98,42.52,42.88,24127303.0,1301037113.0
2019-08-02,41.2,42.4,40.84,42.2,34176395.0,1781518220.0
2019-08-05,41.3,42.12,41.21,41.28,28786276.0,1491986471.0
2019-08-06,40.49,41.26,39.45,41.21,34173928.0,1729709498.0
2019-08-07,41.41,41.5,40.82,40.82,14531751.0,747701381.0
2019-08-08,40.98,41.6,40.96,41.44,13192393.0,681638820.0
2019-08-09,41.68,41.88,40.81,40.97,14981329.0,772372660.0
2019-08-12,40.8,41.34,40.41,41.0,19425189.0,991191225.0
2019-08-13,40.84,41.33,40.04,40.25,26444142.0,1336555045.0
2019-08-14,40.87,40.96,40.05,40.13,22387840.0,1128730653.0
2019-08-15,39.44,40.09,38.89,39.97,26817341.0,1327724302.0
2019-08-16,40.0,40.52,39.67,40.25,20221393.0,1016999288.0
2019-08-19,40.64,41.4,40.44,41.25,23181902.0,1188231856.0
2019-08-20,41.25,41.49,40.94,41.17,15096727.0,777716948.0
2019-08-21,40.96,41.64,40.81,41.35,21018022.0,1085459218.0
2019-08-22,41.52,41.86,41.09,41.46,18928894.0,979992743.0
2019-08-23,41.72,42.12,41.34,41.8,21767789.0,1137619138.0
2019-08-26,40.95,41.21,40.5,40.83,27597047.0,1408348051.0
2019-08-27,41.2,41.91,41.05,41.64,27139138.0,1413827333.0
2019-08-28,41.61,41.96,41.32,41.77,21467533.0,1116742229.0
2019-08-29,41.72,42.0,41.28,41.54,20860063.0,1082409055.0
2019-08-30,42.08,42.72,41.68,42.22,27827187.0,1466006867.0
2019-09-02,42.96,43.8,42.81,43.38,51561473.0,2799660557.0
2019-09-03,43.82,43.99,43.26,43.45,30740897.0,1673365681.0
2019-09-04,43.4,43.82,42.88,43.56,31752482.0,1719758547.0
2019-09-05,43.9,43.97,43.06,43.12,30236192.0,1646454665.0
2019-09-06,43.28,43.5,42.77,43.37,24858028.0,1342155873.0
2019-09-09,43.75,43.91,43.05,43.29,29073611.0,1580083905.0
2019-09-10,43.2,43.26,42.56,43.07,23586608.0,1262801292.0
2019-09-11,43.2,43.52,42.52,42.72,19608350.0,1050689309.0
2019-09-12,43.1,43.44,42.81,43.28,21300122.0,1150492106.0
2019-09-16,43.52,43.53,42.68,42.77,23680967.0,1271436954.0
2019-09-17,42.6,42.77,42.19,42.4,20692273.0,1096214835.0
2019-09-18,42.61,42.61,42.05,42.17,22507122.0,1189760022.0
2019-09-19,42.47,42.75,42.06,42.27,20497104.0,1084251084.0
2019-09-20,42.49,42.56,41.68,42.16,27546435.0,1449282886.0
2019-09-23,42.11,42.11,41.35,41.66,20687251.0,1074655308.0
2019-09-24,41.63,41.96,41.25,41.65,20724643.0,1079858834.0
2019-09-25,41.6,41.6,40.81,40.86,29297398.0,1500046377.0
2019-09-26,40.95,41.17,40.4,40.8,24543470.0,1253262533.0
2019-09-27,40.8,41.11,40.53,41.05,19973277.0,1020461785.0
2019-09-30,40.88,41.42,40.73,40.88,16370844.0,840760127.0
2019-10-08,41.12,42.25,41.0,42.12,42248580.0,2205801864.0
2019-10-09,41.79,42.12,41.53,42.0,18848868.0,984741140.0
2019-10-10,41.98,41.98,41.41,41.74,17120946.0,891734276.0
2019-10-11,41.94,42.44,41.69,42.33,21816588.0,1149133835.0
2019-10-14,42.66,43.05,42.48,42.76,26469717.0,1417849090.0
2019-10-15,43.0,43.15,42.53,42.77,16760705.0,898589051.0
2019-10-16,43.01,43.36,42.77,42.93,20609323.0,1110490862.0
2019-10-17,43.22,43.22,42.37,42.57,18456847.0,984182969.0
2019-10-18,42.85,43.17,41.96,42.12,18127971.0,963901655.0
2019-10-21,42.16,42.92,42.16,42.78,18151273.0,968542639.0
2019-10-22,43.02,43.33,42.8,43.15,18741017.0,1009190431.0
2019-10-23,42.86,43.28,42.8,42.98,13121083.0,705748659.0
2019-10-24,43.07,43.12,42.61,43.0,13907667.0,746186418.0
2019-10-25,43.18,43.18,42.22,43.04,18203157.0,975561711.0
2019-10-28,43.2,43.29,42.69,42.87,19337787.0,1040511989.0
2019-10-29,43.16,43.57,42.96,43.2,22941030.0,1240223652.0
2019-10-30,42.94,43.2,42.45,42.77,16028642.0,856636594.0
2019-10-31,44.0,44.79,43.63,44.4,62793045.0,3468759352.0
2019-11-01,44.64,47.6,44.48,47.11,74565185.0,4327653033.0
2019-11-04,47.64,48.0,46.97,47.31,38428516.0,2278842510.0
2019-11-05,47.59,48.06,47.02,47.51,34345106.0,2049225099.0
2019-11-06,47.81,48.24,47.41,47.87,26435143.0,1579236926.0
2019-11-07,47.76,47.76,47.03,47.6,20338733.0,1203867468.0
2019-11-08,48.62,48.64,47.46,47.69,31004691.0,1862039128.0
2019-11-11,46.92,46.97,45.6,45.76,43571185.0,2504319026.0
2019-11-12,45.36,45.68,44.6,44.87,36157575.0,2034644283.0
2019-11-13,45.5,45.53,44.89,45.24,22896460.0,1292170244.0
2019-11-14,45.5,45.58,44.49,45.27,20979039.0,1184487511.0
2019-11-15,45.37,45.6,45.09,45.24,14196674.0,804716993.0
2019-11-18,45.24,45.58,44.64,45.35,18003795.0,1013839197.0
2019-11-19,45.26,46.38,45.12,46.26,25267943.0,1454112719.0
2019-11-20,46.4,46.41,45.69,45.72,13982370.0,803578176.0
2019-11-21,45.6,45.8,44.6,44.96,19883507.0,1116276035.0
2019-11-22,45.17,45.76,44.37,44.58,20682680.0,1163712897.0
2019-11-25,44.58,45.23,44.01,45.22,18012920.0,1007833445.0
2019-11-26,45.84,45.88,44.91,45.25,18770569.0,1064900754.0
2019-11-27,44.34,44.47,43.73,44.1,29081051.0,1601368251.0
2019-11-28,44.59,44.59,43.81,44.13,20312020.0,1119845390.0
2019-11-29,44.09,44.11,42.94,43.44,25382652.0,1378994038.0
2019-12-02,43.66,44.07,43.45,43.8,18098747.0,991131413.0
2019-12-03,43.81,44.02,43.27,43.62,20887582.0,1136020558.0
2019-12-04,43.43,44.31,43.2,44.29,27380472.0,1504232868.0
2019-12-05,44.68,44.69,44.09,44.42,20504444.0,1136835404.0
2019-12-06,44.51,45.39,44.42,44.96,23793593.0,1335781003.0
2019-12-09,45.28,46.0,44.94,45.45,20851491.0,1185262388.0
2019-12-10,45.37,46.3,45.36,46.12,20717666.0,1192082669.0
2019-12-11,46.13,46.22,45.44,45.65,13965464.0,798133053.0
2019-12-12,46.02,46.13,45.44,45.53,12708431.0,725814979.0
2019-12-13,46.4,46.8,46.05,46.72,28444325.0,1654545943.0
2019-12-16,46.48,46.66,46.24,46.49,21648748.0,1256913293.0
2019-12-17,46.49,47.16,46.19,46.8,25584712.0,1493694029.0
2019-12-18,47.04,47.44,46.33,46.56,23648827.0,1385586165.0
2019-12-19,46.4,46.8,46.29,46.46,13476377.0,783171965.0
2019-12-20,46.68,46.88,46.24,46.24,18136622.0,1055026085.0
2019-12-23,46.65,46.65,45.58,45.81,24086744.0,1385004834.0
2019-12-24,45.83,46.0,45.42,45.66,17334535.0,987672144.0
2019-12-25,45.76,46.2,45.6,45.76,16225738.0,930232505.0
2019-12-26,45.92,46.18,45.73,46.08,14261992.0,819037124.0
2019-12-27,46.24,46.5,45.73,45.76,18158831.0,1046161392.0
2019-12-30,45.6,46.88,45.32,46.58,23802863.0,1375567223.0
2019-12-31,46.53,46.72,46.33,46.6,15979355.0,929450261.0
2020-01-02,46.93,47.91,46.73,47.8,34622557.0,2050141336.0
2020-01-03,47.92,47.97,46.54,46.61,27004255.0,1587220596.0
2020-01-06,46.24,46.56,44.8,45.76,28842533.0,1656276948.0
2020-01-07,45.92,46.57,45.76,46.44,22526507.0,1304633783.0
2020-01-08,46.01,47.18,45.89,46.62,25321048.0,1471083461.0
2020-01-09,47.04,47.78,46.8,47.56,29635395.0,1757281375.0
2020-01-10,47.97,48.39,47.56,47.99,28070612.0,1683152340.0
2020-01-13,48.4,48.53,47.6,48.09,27951167.0,1678723651.0
2020-01-14,48.4,48.64,47.77,47.9,16250035.0,976486536.0
2020-01-15,47.92,48.0,47.1,47.6,21489973.0,1272651578.0
2020-01-16,48.0,48.05,47.38,47.73,19981398.0,1192330868.0
2020-01-17,47.99,48.8,47.59,48.25,21713278.0,1312054699.0
2020-01-20,48.64,48.77,47.86,48.16,20191079.0,1217493005.0
2020-01-21,47.76,47.81,46.42,46.48,27643206.0,1617441936.0
2020-01-22,46.01,46.37,44.8,45.98,41160619.0,2335993234.0
2020-01-23,44.88,45.39,44.0,44.08,59653651.0,3313820979.0
2020-02-03,39.67,42.07,39.67,40.15,70506720.0,3565939364.0
2020-02-04,40.24,42.25,40.24,42.23,40413099.0,2097010019.0
2020-02-05,42.33,42.77,41.96,42.29,34895006.0,1848774202.0
2020-02-06,42.29,43.17,41.89,43.03,39366799.0,2086495960.0
2020-02-07,42.8,42.82,41.76,42.26,34409001.0,1811882957.0
2020-02-10,41.84,42.22,41.37,41.84,34604769.0,1804543411.0
2020-02-11,42.55,43.99,42.24,43.74,49388233.0,2684341235.0
2020-02-12,43.65,44.29,43.21,43.91,23433771.0,1284759464.0
2020-02-13,43.65,43.66,42.8,43.04,31930659.0,1723256904.0
2020-02-14,42.8,43.17,42.54,42.99,21004387.0,1125281556.0
2020-02-17,42.67,43.53,42.59,43.52,32505251.0,1751927715.0
2020-02-18,43.52,43.52,42.65,42.82,33203504.0,1783036934.0
2020-02-19,42.69,43.09,42.53,42.83,23732854.0,1270519686.0
2020-02-20,42.96,43.98,42.65,43.89,37041152.0,2013322151.0
2020-02-21,43.6,43.85,43.21,43.42,29779869.0,1616397369.0
2020-02-24,44.29,44.29,43.56,43.93,40782414.0,2243496138.0
2020-02-25,43.2,43.57,43.04,43.54,31546203.0,1706738502.0
2020-02-26,42.96,44.25,42.57,43.44,38724015.0,2107804633.0
2020-02-27,43.44,44.16,43.37,43.93,28493463.0,1563743469.0
2020-02-28,43.1,43.34,42.23,42.44,33405713.0,1788324823.0
2020-03-02,42.44,43.8,42.44,43.47,31893449.0,1725854576.0
2020-03-03,43.61,44.0,43.17,43.6,26499919.0,1441435067.0
2020-03-04,43.2,43.55,42.89,43.4,23908427.0,1290728836.0
2020-03-05,43.64,45.44,43.48,45.23,57571838.0,3214972955.0
2020-03-06,44.65,45.04,44.43,44.64,28024324.0,1565437999.0
2020-03-09,43.52,43.57,43.05,43.11,35634254.0,1925269108.0
2020-03-10,43.11,44.54,43.11,44.25,37563181.0,2061033028.0
2020-03-11,44.09,44.25,43.57,43.57,19260673.0,1053884395.0
2020-03-12,43.08,43.09,42.3,42.53,34405501.0,1833239649.0
2020-03-13,40.69,42.37,40.05,41.52,45208351.0,2323212180.0
2020-03-16,41.76,41.81,40.0,40.08,39667900.0,2019157775.0
2020-03-17,39.69,41.04,38.85,39.2,47708177.0,2365286579.0
2020-03-18,39.76,41.51,39.66,39.76,58605924.0,2974941630.0
2020-03-19,40.28,40.48,38.0,38.88,55486856.0,2708244369.0
2020-03-20,39.4,39.78,38.8,39.24,36706699.0,1803574241.0
2020-03-23,38.0,38.38,37.04,37.2,47703623.0,2237270202.0
2020-03-24,37.88,38.6,37.53,38.39,41957601.0,2000208163.0
2020-03-25,39.6,40.13,39.09,39.59,39011329.0,1934918464.0
2020-03-26,39.52,39.81,39.07,39.2,23248406.0,1145809963.0
2020-03-27,40.0,40.36,39.5,39.56,26015438.0,1296483243.0
2020-03-30,39.04,39.04,38.0,38.47,37052228.0,1778812488.0
2020-03-31,39.01,39.48,38.67,38.73,22525299.0,1098690180.0
2020-04-01,39.16,39.45,38.44,38.86,23439135.0,1141225440.0
2020-04-02,38.53,39.2,38.24,39.17,23514383.0,1135456594.0
2020-04-03,39.04,39.25,38.57,38.7,19638219.0,953656658.0
2020-04-07,39.37,39.52,38.96,39.17,40048598.0,1962977182.0
2020-04-08,38.88,38.98,38.45,38.59,24426776.0,1182191603.0
2020-04-09,38.81,38.84,38.49,38.64,17139926.0,828409215.0
2020-04-10,38.64,40.45,38.43,39.42,41246137.0,2043406853.0
2020-04-13,39.67,40.46,39.44,39.91,31076533.0,1555138947.0
2020-04-14,40.53,40.56,39.68,40.38,30794169.0,1550039697.0
2020-04-15,40.0,41.02,39.36,40.16,39591536.0,1989237127.0
2020-04-16,40.16,40.16,39.41,39.59,27929419.0,1385041878.0
2020-04-17,40.0,40.25,39.68,40.07,35249869.0,1761719075.0
2020-04-20,40.23,40.78,40.01,40.58,20885741.0,1058635859.0
2020-04-21,40.79,40.8,40.0,40.2,20971264.0,1056179838.0
2020-04-22,40.16,41.17,39.99,41.12,20763713.0,1056618276.0
2020-04-23,41.35,41.91,41.05,41.59,27116594.0,1408264471.0
2020-04-24,41.63,41.84,41.37,41.61,13341557.0,693211314.0
2020-04-27,41.01,41.79,40.68,41.2,21523478.0,1108515152.0
2020-04-28,41.2,41.55,40.6,41.43,25183537.0,1297098144.0
2020-04-29,41.12,42.21,40.92,41.8,20623516.0,1072765102.0
2020-04-30,42.64,43.33,42.64,43.0,34032348.0,1831860875.0
2020-05-06,42.4,43.36,42.16,43.36,32856535.0,1765766098.0
2020-05-07,43.35,43.56,43.07,43.2,21375539.0,1156808782.0
2020-05-08,43.58,45.18,43.38,45.06,40962101.0,2296022245.0
2020-05-11,45.27,46.8,45.13,45.53,37959771.0,2188821584.0
2020-05-12,46.0,46.7,45.62,46.4,28603367.0,1655218903.0
2020-05-13,46.08,46.4,45.53,46.2,21938551.0,1260866632.0
2020-05-14,46.2,46.64,46.01,46.4,18002002.0,1044096208.0
2020-05-15,46.4,46.48,45.49,45.56,23361701.0,1338687939.0
2020-05-18,46.0,46.56,45.3,45.99,26177546.0,1505218949.0
2020-05-19,46.72,47.36,46.4,47.01,27855120.0,1638536811.0
2020-05-20,46.82,47.28,46.81,47.22,19061535.0,1123661205.0
2020-05-21,47.64,47.71,46.69,46.97,14913472.0,876854202.0
2020-05-22,46.75,46.84,45.29,45.69,26086194.0,1493147025.0
2020-05-25,46.64,46.71,44.91,45.47,15944517.0,905625787.0
2020-05-26,45.84,46.6,45.41,46.4,18430786.0,1061005403.0
2020-05-27,46.6,47.5,46.31,46.6,25806522.0,1517718679.0
2020-05-28,47.33,47.49,46.26,46.52,20603063.0,1207714971.0
2020-05-29,46.39,47.4,46.39,47.21,18254941.0,1073961448.0
2020-06-01,47.44,48.38,47.44,48.33,29480294.0,1776563605.0
2020-06-02,49.02,49.02,48.11,48.24,20680547.0,1218477897.0
2020-06-03,48.6,48.79,47.59,47.93,18092904.0,1059003036.0
2020-06-04,48.36,49.22,48.24,48.36,14025768.0,827157600.0
2020-06-05,48.47,48.63,48.15,48.44,12725949.0,749286684.0
2020-06-08,48.81,50.59,48.51,49.43,35943983.0,2180630903.0
2020-06-09,49.76,50.48,49.53,49.85,24013535.0,1463794178.0
2020-06-10,50.19,50.3,49.45,49.57,19014845.0,1153412206.0
2020-06-11,49.59,49.8,48.56,49.02,20137719.0,1204181864.0
2020-06-12,48.24,49.3,48.07,49.29,18519009.0,1097620789.0
2020-06-15,48.56,48.83,47.66,47.66,32000406.0,1872474026.0
2020-06-16,48.23,48.73,48.14,48.48,18308826.0,1077626691.0
2020-06-17,48.33,48.38,47.37,47.58,22128310.0,1285597241.0
2020-06-18,47.54,47.65,46.97,47.54,26722486.0,1537168005.0
2020-06-19,47.54,49.29,47.54,49.11,32428005.0,1923447883.0
2020-06-22,48.97,49.26,48.42,48.56,21979729.0,1306914552.0
2020-06-23,48.37,48.86,48.05,48.48,18114636.0,1068928530.0
2020-06-24,48.65,49.45,48.56,49.06,20031990.0,1194505231.0
2020-06-29,49.06,49.3,48.24,49.26,26106135.0,1557837553.0
2020-06-30,49.3,50.12,48.89,49.13,26125157.0,1577689212.0
2020-07-01,49.06,51.35,48.42,51.31,44260978.0,2719438555.0
2020-07-02,50.79,52.11,50.63,51.73,43526154.0,2715825421.0
2020-07-03,51.85,52.55,50.81,51.27,34079825.0,2137708207.0
2020-07-06,51.61,53.4,51.37,52.61,59925805.0,3811821944.0
2020-07-07,52.71,55.51,52.67,52.9,49039047.0,3224341189.0
2020-07-08,52.84,53.66,51.98,52.57,28482031.0,1818108347.0
2020-07-09,52.59,53.41,51.77,53.4,31228061.0,1993727705.0
2020-07-10,53.0,53.02,51.93,52.1,27329673.0,1741014720.0
2020-07-13,51.7,52.67,51.64,51.97,34467867.0,2186339089.0
2020-07-14,52.48,52.48,50.28,50.82,38295985.0,2377225466.0
2020-07-15,50.86,52.59,50.82,51.75,43694916.0,2750957937.0
2020-07-16,51.77,52.99,50.2,50.24,36958887.0,2326871245.0
2020-07-17,49.96,52.94,49.89,52.51,36087627.0,2269485713.0
2020-07-20,52.51,55.61,52.0,55.37,60069359.0,3970335086.0
2020-07-21,55.06,55.81,54.29,55.34,32874716.0,2206459249.0
2020-07-22,54.89,55.86,54.49,55.34,30389752.0,2045490786.0
2020-07-23,54.64,57.91,54.53,57.68,48715945.0,3361999485.0
2020-07-24,56.84,57.64,54.23,54.64,40925587.0,2781427887.0
2020-07-27,55.56,55.71,53.25,55.2,27302925.0,1806012286.0
2020-07-28,55.2,56.32,54.74,55.15,23410296.0,1580820575.0
2020-07-29,55.34,59.16,55.34,58.86,46054192.0,3268094875.0
2020-07-30,58.84,59.41,57.73,58.32,19480756.0,1385613240.0
2020-07-31,58.0,60.6,57.58,58.96,29357548.0,2117686421.0
2020-08-03,59.16,61.42,59.01,59.57,34330969.0,2510509105.0
2020-08-04,59.16,59.39,57.79,59.21,29227141.0,2081709108.0
2020-08-05,58.34,59.49,58.18,58.67,19111758.0,1362330037.0
2020-08-06,58.34,59.0,57.55,58.01,21873467.0,1545541042.0
2020-08-07,57.83,58.43,56.58,57.97,25414414.0,1782876110.0
2020-08-10,57.68,59.49,56.95,59.16,24105482.0,1710556590.0
2020-08-11,59.29,60.39,58.49,58.59,20568061.0,1492137507.0
2020-08-12,58.06,58.84,56.84,57.24,28973831.0,2027499314.0
2020-08-13,57.36,58.41,57.34,57.53,13064516.0,917532052.0
2020-08-14,57.52,59.22,57.3,59.2,16119697.0,1148282707.0
2020-08-17,59.49,60.64,58.67,59.27,24517214.0,1785517673.0
2020-08-18,59.28,59.77,58.39,59.0,19301461.0,1382264209.0
2020-08-19,58.92,59.41,57.52,57.62,25327310.0,1791352682.0
2020-08-20,57.36,57.59,56.41,56.73,21907644.0,1513934317.0
2020-08-21,56.82,57.42,56.58,57.01,12645605.0,876813909.0
2020-08-24,56.95,57.84,56.83,57.82,17427938.0,1215646640.0
2020-08-25,57.81,57.85,57.14,57.5,17931823.0,1254921571.0
2020-08-26,57.5,58.67,56.41,56.94,23770209.0,1661357464.0
2020-08-27,56.95,57.4,55.13,55.87,34293199.0,2327750659.0
2020-08-28,55.38,57.95,55.14,57.75,32318623.0,2228514546.0
2020-08-31,58.37,60.39,57.96,57.96,25868305.0,1852443294.0
2020-09-01,57.98,59.34,57.97,58.92,20547663.0,1468837506.0
2020-09-02,59.16,59.57,57.83,58.28,18310804.0,1304982311.0
2020-09-03,58.34,59.97,58.11,58.28,32530873.0,2340687058.0
2020-09-04,57.11,57.42,56.04,56.53,35933576.0,2474691328.0
2020-09-07,55.96,56.43,54.64,54.81,44222648.0,2971282423.0
2020-09-08,54.81,55.06,53.94,54.96,26350941.0,1747654429.0
2020-09-09,54.23,54.71,53.19,53.3,28454172.0,1861646756.0
2020-09-10,53.83,54.41,53.34,54.15,21030173.0,1381763382.0
2020-09-11,53.82,54.89,53.07,54.38,21512672.0,1421649987.0
2020-09-14,54.46,56.08,54.4,55.88,21739269.0,1469293456.0
2020-09-15,56.3,58.15,56.26,57.87,29001582.0,2033590884.0
2020-09-16,57.76,59.15,56.86,57.24,29121345.0,2060063617.0
2020-09-17,57.36,58.34,56.95,58.01,27443479.0,1932446434.0
2020-09-18,58.44,58.61,57.55,57.75,21751479.0,1538451545.0
2020-09-21,57.73,58.47,57.04,57.55,16561025.0,1164163890.0
2020-09-22,57.11,57.98,57.08,57.43,13996729.0,978793363.0
2020-09-23,57.53,58.64,57.09,58.4,17144539.0,1211864649.0
2020-09-24,57.98,58.3,57.25,57.9,20075766.0,1410207325.0
2020-09-25,58.05,58.97,57.59,57.77,12081513.0,855869344.0
2020-09-28,57.77,58.75,57.49,58.26,17393725.0,1235538586.0
2020-09-29,58.34,59.9,58.34,59.53,23391359.0,1692268568.0
2020-09-30,59.9,60.5,59.39,59.66,22133662.0,1618394621.0
2020-10-09,60.03,60.94,59.99,60.31,25158747.0,1853607138.0
2020-10-12,59.66,60.79,59.41,60.79,26325624.0,1930035641.0
2020-10-13,60.79,62.41,60.35,62.36,25577466.0,1920061020.0
2020-10-14,61.71,62.84,61.46,61.83,19613367.0,1478023724.0
2020-10-15,61.65,63.24,61.45,62.53,19211037.0,1462783205.0
2020-10-16,62.2,62.76,61.38,61.46,14591721.0,1096650312.0
2020-10-19,61.48,63.4,61.23,61.63,17779197.0,1345916771.0
2020-10-20,61.23,63.26,61.23,62.7,15435375.0,1175374815.0
2020-10-21,62.35,64.14,62.35,63.68,21388893.0,1651445121.0
2020-10-22,63.52,64.55,62.62,64.42,15650185.0,1213225343.0
2020-10-23,63.89,64.3,61.71,61.72,18123307.0,1388457540.0
2020-10-26,61.61,63.11,60.48,62.99,16590543.0,1253614090.0
2020-10-27,62.53,63.1,61.95,62.21,15692141.0,1194229494.0
2020-10-28,62.25,63.68,62.15,63.03,18721616.0,1439052208.0
2020-10-29,62.45,67.29,62.29,66.71,37779375.0,3012418003.0
2020-10-30,67.42,67.79,63.72,63.99,32841662.0,2596624765.0
2020-11-02,64.92,69.85,64.92,68.53,52225315.0,4312907451.0
2020-11-03,68.54,68.57,66.48,67.83,35157480.0,2886059068.0
2020-11-04,67.87,71.39,67.55,70.39,38958346.0,3330212466.0
2020-11-05,70.71,72.72,69.88,70.76,35623998.0,3083809644.0
2020-11-06,70.77,75.02,69.95,74.07,46803613.0,4177205857.0
2020-11-09,74.33,77.62,73.49,74.55,47078602.0,4296715661.0
2020-11-10,73.71,73.72,71.09,73.68,35238345.0,3113825058.0
2020-11-11,72.48,73.77,71.23,72.39,34198027.0,3021631445.0
2020-11-12,74.37,74.6,72.5,74.45,28223843.0,2536913940.0
2020-11-13,74.2,74.42,72.96,74.38,21605166.0,1936924439.0
2020-11-16,75.19,75.43,71.54,73.43,37272431.0,3320826097.0
2020-11-17,73.79,75.19,73.44,73.89,28968907.0,2613751006.0
2020-11-18,73.99,75.23,72.43,73.37,22952687.0,2060518097.0
2020-11-19,73.95,78.33,73.55,77.24,41315578.0,3844141238.0
2020-11-20,77.35,77.89,75.15,75.26,46160647.0,4276105443.0
2020-11-23,74.37,76.98,73.48,76.81,45691390.0,4209477921.0
2020-11-24,76.77,76.79,73.14,74.49,39966866.0,3622773270.0
2020-11-25,74.49,75.1,73.01,73.59,29159518.0,2615178240.0
2020-11-26,73.13,73.59,70.68,71.51,47509582.0,4132461362.0
2020-11-27,71.87,73.02,71.11,72.15,23037330.0,2020721657.0
2020-11-30,71.74,72.72,70.88,71.37,29926909.0,2612282347.0
2020-12-01,70.87,72.31,70.87,72.25,23692498.0,2071081958.0
2020-12-02,73.13,74.44,72.76,73.88,36607195.0,3286902392.0
2020-12-03,73.78,74.02,72.48,73.63,25552024.0,2276665595.0
2020-12-04,72.99,73.18,71.63,72.61,32722623.0,2876036668.0
2020-12-07,73.03,73.13,71.92,72.36,20228496.0,1786091234.0
2020-12-08,71.92,72.42,70.22,71.24,36690024.0,3164772039.0
2020-12-09,70.68,71.18,68.61,68.66,46112571.0,3893407709.0
2020-12-10,68.61,70.22,68.61,69.93,25300125.0,2144184257.0
2020-12-11,70.59,70.59,68.54,69.02,22506139.0,1901113979.0
2020-12-14,70.57,70.67,68.47,69.39,26247011.0,2213586003.0
2020-12-15,69.78,71.0,68.53,70.45,32812014.0,2794791701.0
2020-12-16,70.76,73.19,70.61,72.39,41302146.0,3638872836.0
2020-12-17,72.89,74.6,72.68,73.68,31646076.0,2841397961.0
2020-12-18,73.22,73.95,72.57,73.38,27477717.0,2446471118.0
2020-12-21,73.72,73.72,71.52,72.98,28368934.0,2499704931.0
2020-12-22,72.58,74.6,71.83,73.75,31071453.0,2775989184.0
2020-12-23,73.94,76.83,73.57,75.6,39054660.0,3606420446.0
2020-12-24,75.6,76.33,74.41,76.33,19778311.0,1823517286.0
2020-12-25,76.15,77.42,75.19,76.9,21707194.0,2025214058.0
2020-12-28,76.81,79.99,76.76,78.72,39478573.0,3781019562.0
2020-12-29,78.69,78.71,77.04,78.22,21655220.0,2053512083.0
2020-12-30,78.47,79.38,77.41,78.87,23164406.0,2212516055.0
2020-12-31,78.89,81.33,78.87,80.89,26867176.0,2633031805.0
2021-01-04,81.27,83.77,80.55,81.36,33882680.0,3379358339.0
2021-01-05,80.59,83.77,79.71,83.44,35114801.0,3515823440.0
2021-01-06,84.64,86.12,81.88,82.96,36020338.0,3662399226.0
2021-01-07,83.82,86.83,83.16,86.13,45140052.0,4687111403.0
2021-01-08,85.46,86.03,83.2,84.65,33069048.0,3409516335.0
2021-01-11,84.8,85.73,82.17,82.99,34189187.0,3506431350.0
2021-01-12,82.43,85.69,82.43,85.54,35529586.0,3670971678.0
2021-01-13,86.28,86.86,83.85,84.92,34348739.0,3560584735.0
2021-01-14,85.13,85.78,81.67,81.84,37381528.0,3780641251.0
2021-01-15,81.38,82.31,79.53,81.92,35743823.0,3524028265.0
2021-01-18,81.67,82.4,80.13,81.45,28677180.0,2849767543.0
2021-01-19,81.92,82.26,77.64,77.94,42307807.0,4087923630.0
2021-01-20,78.89,80.63,78.47,79.12,32202327.0,3113133925.0
2021-01-21,79.9,82.99,79.7,82.25,40930171.0,4074982808.0
2021-01-22,82.17,83.43,80.6,82.64,30775582.0,3069095083.0
2021-01-25,82.99,84.53,81.1,83.8,37735992.0,3802697805.0
2021-01-26,82.99,82.99,79.79,80.48,40767026.0,4006657957.0
2021-01-27,79.78,82.04,79.2,80.49,28326851.0,2781047166.0
2021-01-28,79.32,79.7,77.65,78.19,31057214.0,2959282875.0
2021-01-29,78.35,80.36,76.98,79.16,37246508.0,3576339186.0
2021-02-01,79.16,80.95,77.78,80.69,28606271.0,2784442680.0
2021-02-02,80.04,82.34,80.04,81.01,31544355.0,3125263983.0
2021-02-03,81.76,82.5,79.05,80.23,32395536.0,3178416762.0
2021-02-04,79.12,80.19,78.25,79.21,36486402.0,3514921395.0
2021-02-05,79.69,80.83,78.06,79.91,37262393.0,3600456020.0
2021-02-08,79.92,80.12,77.57,79.43,37743563.0,3614401924.0
2021-02-09,80.19,83.73,79.62,83.73,53712247.0,5347054459.0
2021-02-10,84.57,88.75,83.4,88.01,53679907.0,5641813862.0
2021-02-18,88.02,88.22,79.71,80.78,94042908.0,9433652348.0
2021-02-19,78.07,80.8,78.07,80.52,69387709.0,6722204870.0
2021-02-22,79.94,79.94,74.27,74.32,90398609.0,8324148677.0
2021-02-23,73.17,75.6,72.99,74.73,60475531.0,5494666678.0
2021-02-24,78.97,81.02,76.52,78.08,100354633.0,9587929017.0
2021-02-25,77.98,78.71,75.68,77.19,41637020.0,3934052807.0
2021-02-26,75.6,77.64,74.79,76.49,60112303.0,5569084605.0
2021-03-01,76.75,78.31,75.46,76.69,37084402.0,3475175712.0
2021-03-02,77.96,78.75,76.17,76.85,47339822.0,4469317461.0
2021-03-03,76.2,77.01,75.19,76.82,33059187.0,3072269141.0
2021-03-04,75.78,76.07,73.49,73.87,44634820.0,4041856217.0
2021-03-05,71.96,74.18,70.69,73.54,40948709.0,3626107488.0
2021-03-08,72.72,73.72,70.21,70.26,48829340.0,4260904988.0
2021-03-09,69.56,69.76,67.13,67.37,56896333.0,4741767514.0
2021-03-10,69.02,69.57,67.42,68.75,47316765.0,3942944036.0
2021-03-11,69.5,71.08,68.61,70.63,40811644.0,3495579074.0
2021-03-12,70.64,72.34,70.02,70.64,32364532.0,2806048361.0
2021-03-15,69.69,69.71,66.56,67.63,49051385.0,4035896117.0
2021-03-16,67.72,68.23,67.01,67.86,34926115.0,2877253722.0
2021-03-17,67.39,69.25,66.86,69.08,37095228.0,3081574544.0
2021-03-18,69.83,71.49,69.68,71.25,34703588.0,2986372292.0
2021-03-19,69.85,71.16,69.35,70.1,30529185.0,2610073941.0
2021-03-22,69.84,70.28,67.63,68.52,31409285.0,2620969353.0
2021-03-23,68.52,68.56,66.62,66.95,36969597.0,3027477689.0
2021-03-24,66.97,67.78,66.77,67.12,23536758.0,1923709265.0
2021-03-25,66.62,66.97,65.16,66.3,24752483.0,1990607891.0
2021-03-26,66.64,67.79,65.7,67.39,31083020.0,2533340710.0
2021-03-29,67.35,67.77,66.56,66.95,29453524.0,2406536460.0
2021-03-30,67.27,68.61,66.65,67.77,35197152.0,2898062093.0
2021-03-31,68.04,68.19,66.76,67.57,27352508.0,2245618465.0
2021-04-01,67.38,70.57,67.22,70.2,35204512.0,2987621061.0
2021-04-02,70.26,72.72,69.76,71.58,29152538.0,2546245045.0
2021-04-06,71.62,72.06,69.02,69.34,25766840.0,2190978644.0
2021-04-07,69.34,69.43,67.28,67.97,29977466.0,2467818331.0
2021-04-08,67.8,68.14,67.34,67.94,18211406.0,1502128963.0
2021-04-09,68.19,68.19,65.93,66.11,32238556.0,2610503420.0
2021-04-12,65.98,66.77,64.92,65.16,25277487.0,2012933376.0
2021-04-13,64.87,65.59,64.19,64.66,21362828.0,1686748572.0
2021-04-14,64.89,66.26,64.83,65.84,21069229.0,1685738018.0
2021-04-15,65.84,66.56,64.88,65.97,17445281.0,1393503616.0
2021-04-16,65.98,66.23,64.83,65.66,15347818.0,1222574469.0
2021-04-19,65.74,67.47,64.92,67.11,26759356.0,2175802611.0
2021-04-20,66.63,66.97,65.76,66.54,23153386.0,1866628042.0
2021-04-21,65.74,66.15,65.33,65.41,25190606.0,2010416383.0
2021-04-22,65.43,65.98,64.92,65.94,23096878.0,1841507581.0
2021-04-23,66.08,69.02,65.95,68.91,45141558.0,3741273480.0
2021-04-26,69.22,69.85,65.66,65.76,41802919.0,3424838079.0
2021-04-27,65.71,67.08,65.08,66.33,19000053.0,1531692781.0
2021-04-28,66.56,67.13,65.8,67.01,17902575.0,1452688937.0
2021-04-29,67.43,69.23,67.27,68.56,29815963.0,2474034002.0
2021-04-30,69.6,69.6,65.57,65.88,58237700.0,4702118111.0
2021-05-06,64.35,65.55,63.68,63.73,49115946.0,3841342540.0
2021-05-07,63.6,63.72,61.63,61.69,43729514.0,3308412783.0
2021-05-10,62.31,65.08,62.31,64.09,54943986.0,4265793301.0
2021-05-11,63.4,64.92,62.94,64.37,27333464.0,2127125363.0
2021-05-12,64.83,64.83,62.82,63.49,27341035.0,2106351405.0
2021-05-13,62.55,62.86,61.63,61.75,32950762.0,2482149422.0
2021-05-14,61.88,62.92,60.5,62.81,30481113.0,2297770136.0
2021-05-17,63.27,65.2,63.17,64.42,41809230.0,3276114961.0
2021-05-18,65.57,65.74,63.44,63.96,26855515.0,2106345389.0
2021-05-19,63.31,63.9,62.86,63.54,22505269.0,1736145799.0
2021-05-20,64.92,66.44,63.74,66.31,73533093.0,5884598446.0
2021-05-21,66.64,68.29,66.45,67.01,50222428.0,4119754982.0
2021-05-24,67.9,68.2,66.52,67.55,36014944.0,2956298660.0
2021-05-25,68.18,69.19,67.66,68.43,41746744.0,3478155176.0
2021-05-26,68.94,69.84,67.75,69.3,36038191.0,3021930597.0
2021-05-27,69.84,69.87,68.56,68.94,29615660.0,2486863195.0
2021-05-28,68.43,68.44,67.38,67.82,38741514.0,3196831619.0
2021-05-31,67.96,67.96,65.52,66.56,52395101.0,4208270644.0
2021-06-01,66.49,66.49,65.18,65.88,47337082.0,3776569524.0
2021-06-02,66.55,66.63,65.79,66.63,34284654.0,2706286215.0
2021-06-03,66.63,66.92,64.94,65.32,41669046.0,3262957927.0
2021-06-04,64.88,65.79,64.14,65.15,28306603.0,2194930978.0
2021-06-07,65.16,65.18,63.82,64.35,27727499.0,2124176470.0
2021-06-08,64.45,64.79,63.39,63.71,32089344.0,2446270922.0
2021-06-09,63.92,64.22,63.03,63.35,25138005.0,1900479894.0
2021-06-10,63.45,63.65,62.78,63.2,32075563.0,2419455653.0
2021-06-11,63.2,63.36,61.61,62.02,46521367.0,3444045478.0
2021-06-15,61.91,62.44,60.35,61.38,44590030.0,3245305092.0
2021-06-16,61.94,63.08,61.35,62.86,44970185.0,3359892667.0
2021-06-17,63.03,63.14,61.44,61.57,29929238.0,2214198276.0
2021-06-18,61.46,62.2,60.48,61.85,38817863.0,2831313013.0
2021-06-21,61.87,61.88,59.65,60.35,47738643.0,3450150411.0
2021-06-22,60.26,61.08,59.41,59.74,41034169.0,2942649258.0
2021-06-23,59.68,61.43,59.26,61.33,43404358.0,3139531924.0
2021-06-24,62.44,62.44,60.94,61.35,28702816.0,2103271901.0
2021-06-25,61.66,61.84,60.83,61.33,41255201.0,3019079359.0
2021-06-28,61.33,61.94,60.76,61.36,30684568.0,2240502744.0
2021-06-29,61.84,61.85,59.71,59.89,34979911.0,2518377824.0
2021-06-30,59.59,60.26,59.38,59.82,28444413.0,2022265552.0
2021-07-01,59.76,61.51,59.14,61.38,44641783.0,3221962176.0
2021-07-02,60.87,60.97,59.22,59.59,40318436.0,2873257073.0
2021-07-05,58.9,58.98,55.97,57.16,78081102.0,5309270148.0
2021-07-06,56.71,58.12,56.0,57.5,41063662.0,2802133749.0
2021-07-07,57.79,60.3,57.5,59.0,55959761.0,3961973980.0
2021-07-08,58.67,59.33,57.71,58.67,35977037.0,2508845301.0
2021-07-09,58.29,59.16,57.59,58.0,29079830.0,2016604915.0
2021-07-12,58.37,59.93,57.76,59.26,40495549.0,2860148826.0
2021-07-13,59.32,61.46,59.16,61.02,47453241.0,3430086441.0
2021-07-14,60.72,61.02,59.98,60.35,33405515.0,2405155835.0
2021-07-15,60.35,60.64,59.18,59.65,31970243.0,2276242686.0
2021-07-16,59.76,59.76,57.66,58.42,45691025.0,3180537684.0
2021-07-19,58.49,58.92,57.5,58.79,30561168.0,2124892125.0
2021-07-20,58.38,58.85,57.84,58.34,23094780.0,1603201066.0
2021-07-21,58.43,58.6,56.83,56.98,51518657.0,3525935837.0
2021-07-22,56.98,58.58,56.14,57.24,42883759.0,2952043816.0
2021-07-23,57.24,57.73,55.74,56.12,42451336.0,2851914804.0
2021-07-26,54.96,55.38,53.53,54.21,57012881.0,3709400702.0
2021-07-27,54.2,54.46,51.46,51.46,61869875.0,3893777294.0
2021-07-28,51.46,53.47,51.22,53.04,47782907.0,2994650504.0
2021-07-29,54.06,54.06,52.49,53.05,39271265.0,2485962571.0
2021-07-30,52.88,53.71,51.93,53.23,41977874.0,2648623981.0
2021-08-02,53.22,55.87,52.45,55.38,54445260.0,3553099532.0
2021-08-03,54.9,60.56,54.63,59.44,89992768.0,6224743064.0
2021-08-04,59.0,60.08,58.44,58.66,42636229.0,3000695827.0
2021-08-05,58.21,60.02,57.91,58.59,45338268.0,3201066026.0
2021-08-06,58.67,59.55,57.04,58.96,34481766.0,2410493994.0
2021-08-09,58.33,61.6,58.14,60.74,51361921.0,3711851356.0
2021-08-10,60.43,61.06,59.37,61.06,32371545.0,2326129709.0
2021-08-11,60.63,61.64,60.24,60.29,28560714.0,2073013761.0
2021-08-12,59.93,60.74,59.17,59.44,30539265.0,2176736609.0
2021-08-13,59.44,60.33,58.5,60.02,30301304.0,2153012742.0
2021-08-16,60.02,63.24,59.88,62.85,66305582.0,4925830245.0
2021-08-17,62.84,63.28,61.28,61.52,41410311.0,3078533154.0
2021-08-18,61.51,62.86,60.93,62.44,32617317.0,2419424671.0
2021-08-19,62.83,63.09,60.24,60.3,32866221.0,2403024431.0
2021-08-20,59.5,60.76,58.49,60.35,30129822.0,2143875730.0
2021-08-23,60.09,60.81,58.78,59.18,24216401.0,1715542962.0
2021-08-24,58.84,59.63,57.14,59.09,38744022.0,2700934790.0
2021-08-25,58.75,59.26,57.83,57.96,25351879.0,1761336903.0
2021-08-26,57.95,58.38,56.58,56.93,30560914.0,2082846696.0
2021-08-27,56.93,57.81,56.47,56.83,24556080.0,1670326403.0
2021-08-30,56.95,57.09,54.74,55.3,45344420.0,2990768859.0
2021-08-31,55.23,56.9,54.7,55.32,31964102.0,2120020157.0
2021-09-01,55.74,58.54,54.63,57.96,54120472.0,3688604134.0
2021-09-02,58.32,58.32,56.87,57.99,42761283.0,2930294690.0
2021-09-03,57.81,58.78,57.16,58.7,28680784.0,1995822443.0
2021-09-06,58.77,61.38,58.76,60.45,39610616.0,2853865986.0
2021-09-07,60.93,61.96,60.19,61.2,38937022.0,2852011278.0
2021-09-08,61.18,61.73,60.52,60.95,26682359.0,1945966050.0
2021-09-09,60.95,61.48,59.7,60.36,22350846.0,1611240094.0
2021-09-10,60.36,61.18,59.59,60.68,21079581.0,1520883789.0
2021-09-13,60.61,60.92,59.28,59.49,21293772.0,1519720224.0
2021-09-14,59.51,59.84,57.17,57.35,30703335.0,2132022305.0
2021-09-15,57.0,57.35,55.15,55.75,39630658.0,2652852006.0
2021-09-16,55.75,56.31,55.15,55.27,29466222.0,1952956774.0
2021-09-17,55.62,57.23,55.39,57.21,26097737.0,1757915166.0
2021-09-22,56.16,56.41,55.22,55.38,23967787.0,1589166507.0
2021-09-23,55.95,56.24,55.32,55.98,19943038.0,1327533719.0
2021-09-24,55.74,57.16,55.39,56.32,27372409.0,1841748628.0
2021-09-27,56.31,59.0,55.96,57.58,33266460.0,2292141631.0
2021-09-28,57.05,59.09,56.41,58.9,34751438.0,2424145960.0
2021-09-29,58.63,59.42,58.07,58.9,29530820.0,2075477391.0
2021-09-30,58.9,59.62,58.25,58.33,21879116.0,1537243045.0
2021-10-08,58.84,60.83,58.46,60.76,41613373.0,2987690472.0
2021-10-11,60.93,61.27,59.57,59.57,23449247.0,1683573325.0
2021-10-12,59.6,60.83,58.74,60.03,21599019.0,1548732744.0
2021-10-13,60.35,60.53,58.88,59.51,16055890.0,1139319628.0
2021-10-14,59.53,60.03,58.38,58.78,16233358.0,1143450650.0
2021-10-15,59.51,60.16,58.97,59.51,20425107.0,1447693569.0
2021-10-18,59.51,59.51,57.83,58.35,21901873.0,1524555400.0
2021-10-19,58.09,59.05,57.87,58.57,18104497.0,1265164860.0
2021-10-20,58.67,59.09,57.01,57.05,30276609.0,2074541250.0
2021-10-21,57.23,58.49,57.03,58.4,20597302.0,1416973727.0
2021-10-22,58.64,62.86,58.63,62.44,81947936.0,6030294051.0
2021-10-25,62.01,62.27,60.01,60.68,43058106.0,3124400474.0
2021-10-26,60.14,60.33,58.69,58.69,39644810.0,2798221885.0
2021-10-27,57.88,58.21,56.16,56.16,67849700.0,4597497865.0
2021-10-28,55.74,57.29,55.35,57.09,27797860.0,1876958743.0
2021-10-29,56.52,58.25,56.41,57.64,28202116.0,1933712607.0
2021-11-01,59.73,61.95,59.21,61.02,74811069.0,5437920546.0
2021-11-02,61.02,61.51,58.99,59.35,33979598.0,2430850402.0
2021-11-03,58.69,59.93,58.1,58.1,22136290.0,1550205588.0
2021-11-04,58.67,59.71,58.24,59.27,23674066.0,1667235035.0
2021-11-05,58.93,60.19,58.49,59.3,18630632.0,1321929414.0
2021-11-08,59.2,59.47,58.5,59.04,14960996.0,1051451982.0
2021-11-09,58.96,58.96,57.3,57.83,22767037.0,1571550505.0
2021-11-10,57.57,58.5,57.01,58.32,23735791.0,1632341272.0
2021-11-11,57.99,60.65,57.75,60.38,36332028.0,2604623041.0
2021-11-12,60.25,61.92,60.01,60.49,26614392.0,1929374935.0
2021-11-15,60.35,61.18,59.93,60.75,21497317.0,1553116115.0
2021-11-16,61.18,61.6,60.67,60.96,21140190.0,1540309641.0
2021-11-17,60.56,61.35,59.94,60.44,14390330.0,1039576298.0
2021-11-18,60.2,60.21,58.65,58.85,19413431.0,1370784034.0
2021-11-19,58.85,59.09,58.09,58.67,25102995.0,1750975581.0
2021-11-22,58.44,58.9,58.25,58.63,22966239.0,1602179694.0
2021-11-23,58.62,58.62,57.85,58.23,22415718.0,1554230542.0
2021-11-24,58.8,58.98,57.85,58.8,25270993.0,1761908033.0
2021-11-25,58.67,58.67,57.9,57.95,18110345.0,1254877493.0
2021-11-26,57.83,58.21,57.48,57.67,14048378.0,969361340.0
2021-11-29,56.98,57.48,56.76,57.14,20002100.0,1361366066.0
2021-11-30,56.88,57.96,56.72,56.81,19543671.0,1332560745.0
2021-12-01,56.72,57.16,56.32,57.13,18010101.0,1220013295.0
2021-12-02,56.47,56.97,56.25,56.78,17292840.0,1169569318.0
2021-12-03,56.75,56.75,55.89,56.29,21709179.0,1455435330.0
2021-12-06,56.29,57.65,56.25,57.47,28156018.0,1927815523.0
2021-12-07,57.92,59.0,57.92,58.86,45996100.0,3221759579.0
2021-12-08,59.0,59.05,57.83,58.66,24448618.0,1705575367.0
2021-12-09,59.93,60.97,59.41,60.53,58720574.0,4231464731.0
2021-12-10,60.06,60.68,59.26,60.26,29774271.0,2133466230.0
2021-12-13,60.97,63.09,60.78,61.14,54392976.0,4021351649.0
2021-12-14,60.56,60.75,59.55,59.55,25330123.0,1813446503.0
2021-12-15,59.5,59.85,58.82,58.96,16566927.0,1169764121.0
2021-12-16,59.05,59.41,58.52,59.0,15360353.0,1077897222.0
2021-12-17,58.74,58.89,57.58,57.58,20467841.0,1419353358.0
2021-12-20,57.73,58.95,57.67,58.35,20657979.0,1440391946.0
2021-12-21,58.34,60.45,58.25,60.05,31759660.0,2268444040.0
2021-12-22,59.88,60.26,58.69,59.95,22483108.0,1595253318.0
2021-12-23,59.58,61.07,59.51,60.24,19654181.0,1412656991.0
2021-12-24,59.78,60.56,59.37,60.48,16377482.0,1174612544.0
2021-12-27,60.51,62.02,60.26,61.23,27562336.0,2020201844.0
2021-12-28,61.23,63.25,61.23,63.01,51272047.0,3839791458.0
2021-12-29,62.86,63.32,61.81,62.03,21584258.0,1603790663.0
2021-12-30,62.02,62.44,61.33,61.99,21829008.0,1615514268.0
2021-12-31,61.94,62.39,61.0,61.86,21673393.0,1593276845.0
2022-01-04,62.02,63.28,61.69,63.16,31040801.0,2323005429.0
2022-01-05,63.2,66.91,62.64,63.92,61369922.0,4743653586.0
2022-01-06,63.54,65.53,62.69,62.84,34188949.0,2599839612.0
2022-01-07,63.26,65.78,62.87,65.19,43722085.0,3393184313.0
2022-01-10,65.54,67.79,64.54,65.21,35252163.0,2760629556.0
2022-01-11,64.55,66.06,63.28,63.36,33694529.0,2592315667.0
2022-01-12,63.77,63.97,61.21,62.26,38464129.0,2852050498.0
2022-01-13,62.51,63.16,60.51,60.61,26732585.0,1957650625.0
2022-01-14,60.43,61.06,59.84,60.35,20996990.0,1516106943.0
2022-01-17,60.43,61.55,60.11,61.21,20381136.0,1481637501.0
2022-01-18,61.02,61.75,60.36,61.44,21307718.0,1554810615.0
2022-01-19,61.77,63.86,61.57,63.05,40401059.0,3035602736.0
2022-01-20,63.02,66.05,62.95,65.89,50662197.0,3941616641.0
2022-01-21,65.48,66.06,64.23,64.88,30226221.0,2345227569.0
2022-01-24,64.37,66.24,64.12,64.6,16913071.0,1307756735.0
2022-01-25,64.37,66.05,63.04,63.57,25185151.0,1938021219.0
2022-01-26,64.09,64.98,63.31,64.13,17996504.0,1376378669.0
2022-01-27,63.49,64.34,62.45,62.71,25896559.0,1951701430.0
2022-01-28,62.72,63.7,61.21,61.35,26921924.0,1996946182.0
2022-02-07,62.44,63.4,61.5,62.61,21295784.0,1582887132.0
2022-02-08,62.36,62.78,61.18,62.27,25222789.0,1858705328.0
2022-02-09,62.52,64.6,61.94,64.19,30821130.0,2329350902.0
2022-02-10,63.78,64.21,61.6,61.73,40093808.0,2986309640.0
2022-02-11,61.31,62.52,60.75,62.14,26315615.0,1943208566.0
2022-02-14,61.6,61.63,60.01,61.18,19833640.0,1443390305.0
2022-02-15,60.95,61.44,60.26,60.37,22662561.0,1639397266.0
2022-02-16,60.5,61.59,60.18,61.44,18939258.0,1380576751.0
2022-02-17,61.19,61.85,60.44,60.57,17712319.0,1288420222.0
2022-02-18,60.17,61.3,59.77,61.18,15392511.0,1114787734.0
2022-02-21,61.02,61.03,60.35,60.93,10709058.0,776053568.0
2022-02-22,60.43,60.47,58.04,58.81,36301446.0,2550080184.0
2022-02-23,58.71,59.21,58.42,59.07,19598560.0,1377756703.0
2022-02-24,58.27,58.47,56.54,57.24,41899669.0,2867573789.0
2022-02-25,57.62,57.79,56.83,57.09,22417097.0,1528873766.0
2022-02-28,56.57,56.67,54.9,55.92,48362395.0,3207726548.0
2022-03-01,55.83,57.32,55.05,57.27,40633496.0,2724504805.0
2022-03-02,56.57,56.57,55.48,56.09,24786934.0,1658320778.0
2022-03-03,56.36,56.36,55.27,55.88,26230556.0,1743964880.0
2022-03-04,55.27,55.59,54.55,54.98,30520427.0,2001514125.0
2022-03-07,54.13,54.13,52.0,52.39,47645242.0,2998946563.0
2022-03-08,51.88,52.8,50.04,50.09,57768670.0,3513393050.0
2022-03-09,49.68,50.3,47.45,49.89,56275807.0,3289964731.0
2022-03-10,51.3,51.45,48.71,49.34,47362869.0,2809518529.0
2022-03-11,48.86,50.01,48.05,49.77,35638996.0,2080976811.0
2022-03-14,48.63,49.53,47.51,47.51,31918608.0,1851362819.0
2022-03-15,47.1,47.97,45.49,45.59,49926766.0,2779415595.0
2022-03-16,47.1,48.03,45.47,47.77,52945781.0,2962039193.0
2022-03-17,49.82,50.02,48.28,49.2,52266437.0,3071637071.0
2022-03-18,49.2,49.46,48.32,49.37,36839305.0,2148265063.0
2022-03-21,49.48,49.91,48.61,48.99,30641715.0,1798629636.0
2022-03-22,48.7,49.4,48.63,49.1,19403969.0,1134303593.0
2022-03-23,49.22,49.33,48.55,48.61,24373729.0,1418165963.0
2022-03-24,48.19,48.46,47.87,48.26,23678670.0,1361843503.0
2022-03-25,48.27,48.54,46.98,47.01,25216369.0,1430819628.0
2022-03-28,46.83,47.07,45.93,46.77,21585282.0,1198968556.0
2022-03-29,47.03,47.13,45.64,45.8,25242958.0,1391082042.0
2022-03-30,46.09,47.77,46.06,47.77,33900253.0,1899860141.0
2022-03-31,47.69,47.94,47.12,47.77,25133597.0,1428403894.0
2022-04-01,47.35,49.65,46.78,49.11,45775170.0,2655473470.0
2022-04-06,48.65,49.6,48.53,48.96,30753172.0,1798592444.0
2022-04-07,48.32,49.55,48.28,48.36,26942029.0,1567998978.0
2022-04-08,48.36,48.54,47.64,48.05,22682729.0,1297780224.0
2022-04-11,48.15,48.17,46.32,46.4,33812428.0,1894585191.0
2022-04-12,46.72,48.19,46.34,48.14,29717487.0,1671057317.0
2022-04-13,47.76,48.15,47.3,47.41,21198659.0,1206396766.0
2022-04-14,47.79,49.52,47.79,49.22,42741664.0,2497101925.0
2022-04-15,48.88,49.7,48.75,49.16,21242110.0,1246877157.0
2022-04-18,49.03,49.03,48.22,48.25,15468205.0,893259008.0
2022-04-19,48.32,48.74,47.82,48.03,16849454.0,971057234.0
2022-04-20,48.4,49.36,47.77,48.24,21662822.0,1255101326.0
2022-04-21,47.86,48.6,46.6,46.96,27999954.0,1586256608.0
2022-04-22,46.6,48.21,45.83,47.75,24469829.0,1373768018.0
2022-04-25,47.4,48.18,46.12,46.16,32560068.0,1837475015.0
2022-04-26,46.16,46.49,43.17,43.41,63204589.0,3336916858.0
2022-04-27,42.52,44.71,42.33,44.5,37571041.0,1983750319.0
2022-04-28,44.84,45.01,43.64,44.66,25258916.0,1335819843.0
2022-04-29,45.26,48.02,44.66,47.85,57524101.0,3198610308.0
2022-05-05,48.65,49.77,48.49,49.2,46790722.0,2748594256.0
2022-05-06,48.28,49.03,48.1,48.78,21216998.0,1232140906.0
2022-05-09,47.98,48.21,46.74,47.24,21529684.0,1216418057.0
2022-05-10,46.29,47.68,46.1,47.44,30057137.0,1689113756.0
2022-05-11,47.34,48.19,46.94,47.51,35911506.0,2038556237.0
2022-05-12,47.42,47.42,46.33,46.72,22579089.0,1261668407.0
2022-05-13,47.37,47.92,47.1,47.78,24432011.0,1386786846.0
2022-05-16,48.21,49.24,46.56,47.1,28664501.0,1624257211.0
2022-05-17,46.94,48.19,46.68,48.1,22831367.0,1301041283.0
2022-05-18,48.19,48.34,46.87,47.46,22269749.0,1258738707.0
2022-05-19,46.76,47.09,46.37,46.78,20195890.0,1125169384.0
2022-05-20,46.85,47.87,46.4,47.69,26608469.0,1502431004.0
2022-05-23,47.23,47.35,45.33,45.52,55783104.0,3054327110.0
2022-05-24,45.31,45.84,44.88,45.08,26346272.0,1425290686.0
2022-05-25,44.84,45.09,44.42,44.76,22197439.0,1182899111.0
2022-05-26,44.76,45.33,43.42,45.11,42382765.0,2242918334.0
2022-05-27,45.62,45.92,44.43,44.52,35255705.0,1897823157.0
2022-05-30,44.55,45.09,44.43,44.76,21638531.0,1152606788.0
2022-05-31,44.83,45.66,44.5,45.66,35509917.0,1910341886.0
2022-06-01,45.51,45.9,45.13,45.49,29205803.0,1584914303.0
2022-06-02,45.62,45.64,45.04,45.45,27584641.0,1445923346.0
2022-06-06,45.47,45.77,44.6,45.65,36520890.0,1916117643.0
2022-06-07,45.4,45.94,45.05,45.83,29169548.0,1540591783.0
2022-06-08,45.84,46.52,45.43,45.82,36297664.0,1921801465.0
2022-06-09,45.7,45.96,45.13,45.3,28683558.0,1507868964.0
2022-06-10,45.06,45.26,44.75,45.18,30034887.0,1563195289.0
2022-06-13,44.79,44.84,43.81,44.15,40426293.0,2064281836.0
2022-06-14,43.5,44.59,43.34,44.47,34842410.0,1764306398.0
2022-06-15,44.21,47.56,44.21,47.08,91507776.0,4906858801.0
2022-06-16,47.1,47.5,46.26,46.55,35938169.0,1942251730.0
2022-06-17,45.86,47.92,45.42,47.35,53813436.0,2909185799.0
2022-06-20,47.7,49.77,47.7,49.34,76530884.0,4349794665.0
2022-06-21,49.38,50.49,48.99,49.54,53707727.0,3093973214.0
2022-06-22,49.52,49.52,48.43,48.43,29721130.0,1674082885.0
2022-06-23,48.39,48.83,47.82,48.42,30453200.0,1698132572.0
2022-06-24,48.42,50.98,48.22,49.98,73201062.0,4236370540.0
2022-06-27,50.41,51.95,50.41,51.11,58158368.0,3454900579.0
2022-06-28,51.54,51.54,50.54,51.11,32252221.0,1902451600.0
2022-06-29,51.44,52.44,51.2,51.25,42072308.0,2520771106.0
2022-06-30,51.33,52.46,51.02,52.22,37053894.0,2223920748.0
2022-07-01,52.05,52.05,50.29,50.84,33785737.0,1992141899.0
2022-07-04,49.76,51.94,49.76,51.86,31375014.0,1867732492.0
2022-07-05,51.67,53.17,50.93,51.49,28384693.0,1695670010.0
2022-07-06,51.93,52.78,50.73,51.26,30764043.0,1828885012.0
2022-07-07,51.04,51.71,50.59,50.76,19747189.0,1165987949.0
2022-07-08,51.12,51.12,50.07,50.66,22725014.0,1326085879.0
2022-07-11,50.38,51.19,49.91,50.93,27354736.0,1600533212.0
2022-07-12,51.06,52.65,51.06,51.97,40810385.0,2451083764.0
2022-07-13,51.95,52.1,50.18,50.41,38790065.0,2277523772.0
2022-07-14,51.02,51.18,48.3,48.6,54519966.0,3101127519.0
2022-07-15,48.25,48.93,47.69,47.73,30267863.0,1686983214.0
2022-07-18,47.73,48.32,46.7,47.81,23549370.0,1297826117.0
2022-07-19,47.65,48.13,47.35,47.59,19709717.0,1084831637.0
2022-07-20,47.97,48.73,47.65,47.93,21705190.0,1207951154.0
2022-07-21,47.99,48.34,47.39,47.47,16384697.0,902059284.0
2022-07-22,47.26,47.97,46.96,47.64,18646088.0,1022770983.0
2022-07-25,47.65,49.05,47.57,48.81,36027403.0,2023496096.0
2022-07-26,48.86,50.03,48.75,49.64,26304234.0,1507831169.0
2022-07-27,49.46,49.51,48.23,48.36,24440950.0,1372601235.0
2022-07-28,48.43,48.55,48.0,48.21,14614702.0,815071057.0
2022-07-29,48.38,48.6,47.37,47.54,23747370.0,1312270362.0
2022-08-01,47.78,47.82,46.77,47.22,18646747.0,1017042234.0
2022-08-02,46.77,46.78,45.74,46.35,26048594.0,1393045271.0
2022-08-03,46.01,46.7,45.04,45.18,31878019.0,1682530016.0
2022-08-04,45.31,45.63,45.05,45.4,13529107.0,709252637.0
2022-08-05,45.61,45.81,45.04,45.81,19819083.0,1039336002.0
2022-08-08,45.44,45.81,45.25,45.34,21808178.0,1144520138.0
2022-08-09,45.36,45.88,45.18,45.54,16051580.0,846230165.0
2022-08-10,45.51,45.51,44.77,44.82,16302356.0,847521283.0
2022-08-11,45.23,45.81,44.86,45.76,22953884.0,1206195924.0
2022-08-12,45.58,46.23,45.34,45.97,16987856.0,899862141.0
2022-08-15,45.98,46.35,45.42,45.66,18323472.0,969855784.0
2022-08-16,45.68,45.74,45.23,45.49,16335748.0,858701197.0
2022-08-17,45.54,46.59,45.06,46.2,23843481.0,1266823797.0
2022-08-18,45.92,46.05,45.32,45.5,14088456.0,742672220.0
2022-08-19,45.55,45.67,45.18,45.49,13215250.0,695288655.0
2022-08-22,45.36,46.31,45.22,45.87,23817591.0,1266026528.0
2022-08-23,45.79,45.92,44.97,45.07,22034863.0,1151798157.0
2022-08-24,45.05,45.12,44.37,44.44,21584197.0,1113905675.0
2022-08-25,44.44,45.32,44.08,45.17,20989258.0,1083006134.0
2022-08-26,45.38,45.54,44.87,45.17,16040627.0,837907694.0
2022-08-29,44.62,45.72,44.54,45.21,16456070.0,857943932.0
2022-08-30,45.39,46.01,45.04,45.23,20270847.0,1065091301.0
2022-08-31,45.05,46.39,45.04,46.04,46283836.0,2459353194.0
2022-09-01,46.03,47.99,46.03,47.66,64210545.0,3521209362.0
2022-09-02,47.66,47.66,45.98,46.39,36746048.0,1976289178.0
2022-09-05,45.92,46.7,45.73,46.52,19027545.0,1017336572.0
2022-09-06,46.53,46.88,46.18,46.23,17796217.0,953823605.0
2022-09-07,46.41,46.43,45.81,45.87,20995308.0,1116835915.0
2022-09-08,45.87,46.48,45.87,46.15,15365677.0,822398889.0
2022-09-09,46.15,48.11,46.06,47.94,52388062.0,2884912065.0
2022-09-13,47.94,49.2,47.62,48.85,34602446.0,1947119369.0
2022-09-14,47.99,48.64,47.91,48.37,18747266.0,1046314871.0
2022-09-15,48.33,49.46,48.16,48.72,28969848.0,1636891139.0
2022-09-16,48.42,48.51,47.47,47.66,25993997.0,1439024736.0
2022-09-19,47.28,47.94,46.8,47.54,20360049.0,1115777266.0
2022-09-20,47.43,47.65,46.09,46.28,35065981.0,1883992924.0
2022-09-21,47.07,47.09,45.26,45.7,26775169.0,1414578653.0
2022-09-22,45.61,45.62,44.35,44.53,40143184.0,2075058537.0
2022-09-23,44.2,44.87,44.1,44.4,17517602.0,899511432.0
2022-09-26,44.1,44.97,44.01,44.15,20553286.0,1055235704.0
2022-09-27,44.23,44.86,43.5,44.69,24764967.0,1268264653.0
2022-09-28,44.53,44.77,44.19,44.25,13557668.0,697308166.0
2022-09-29,44.51,44.76,43.5,43.67,25319493.0,1286757816.0
2022-09-30,43.35,43.73,42.64,42.64,35563830.0,1767860148.0
2022-10-10,42.64,43.23,41.91,42.11,26014496.0,1282724398.0
2022-10-11,42.1,42.24,41.51,41.83,22003690.0,1061344410.0
2022-10-12,41.55,41.77,40.64,41.74,24097124.0,1147459231.0
2022-10-13,41.5,41.51,40.65,40.69,27745374.0,1314811925.0
2022-10-14,40.86,41.72,40.73,41.5,31338771.0,1498957703.0
2022-10-17,41.26,41.38,40.9,41.22,23501711.0,1116822628.0
2022-10-18,41.49,41.64,40.93,41.02,27008601.0,1286487097.0
2022-10-19,40.95,40.95,39.06,39.1,55654921.0,2560635750.0
2022-10-20,38.74,39.16,37.93,38.38,36647844.0,1635034406.0
2022-10-21,38.39,38.72,37.85,38.05,27243190.0,1202555595.0
2022-10-24,37.79,38.33,36.58,36.66,45916936.0,1972598643.0
2022-10-25,37.01,37.14,36.3,36.34,41440111.0,1755695125.0
2022-10-26,36.49,37.37,36.46,36.72,36281405.0,1546847301.0
2022-10-27,36.92,37.18,36.58,36.82,22640281.0,965896179.0
2022-10-28,36.5,36.65,35.13,35.25,40175030.0,1664548587.0
2022-10-31,35.22,35.28,34.68,34.75,34553505.0,1396541436.0
2022-11-01,35.09,35.97,34.67,35.97,48067142.0,1965965682.0
2022-11-02,35.8,36.84,35.64,36.39,38019949.0,1594625960.0
2022-11-03,36.15,36.21,35.63,35.96,28853488.0,1197662698.0
2022-11-04,36.0,37.49,35.96,37.26,45749125.0,1955851185.0
2022-11-07,37.18,37.41,36.76,37.24,33159614.0,1424760638.0
2022-11-08,37.29,37.43,36.82,37.18,30558188.0,1312592117.0
2022-11-09,37.52,37.92,37.14,37.22,22990425.0,995215200.0
2022-11-10,36.97,37.17,36.78,37.16,22305399.0,954033824.0
2022-11-11,38.51,39.95,37.8,39.46,82883508.0,3734773540.0
2022-11-14,41.44,42.47,40.9,41.33,100020407.0,4791202404.0
2022-11-15,41.94,42.87,41.25,42.43,51228792.0,2501777032.0
2022-11-16,42.72,42.72,41.65,41.91,25992649.0,1264627973.0
2022-11-17,41.84,42.46,41.23,41.47,19284595.0,927024366.0
2022-11-18,41.82,41.97,41.23,41.48,16067621.0,772609930.0
2022-11-21,41.05,41.05,39.99,40.07,34523382.0,1604372658.0
2022-11-22,40.12,40.68,39.69,40.04,23569157.0,1092152104.0
2022-11-23,39.98,40.25,39.8,40.02,14255219.0,659509322.0
2022-11-24,40.43,40.82,39.59,39.7,21379992.0,987544043.0
2022-11-25,39.7,40.72,39.63,40.37,24697464.0,1150838919.0
2022-11-28,39.5,40.17,39.11,40.03,22655140.0,1036165230.0
2022-11-29,41.51,42.18,40.57,41.87,38928672.0,1868785967.0
2022-11-30,41.66,42.36,41.07,41.4,27287554.0,1310967680.0
2022-12-01,42.21,42.66,41.74,41.78,27604487.0,1344223508.0
2022-12-02,41.54,42.03,41.3,41.54,17015014.0,818020498.0
2022-12-05,41.93,43.24,41.85,42.98,36106842.0,1785930108.0
2022-12-06,42.97,43.81,42.39,43.24,32526956.0,1629245814.0
2022-12-07,43.24,44.69,42.8,44.32,43656379.0,2229128245.0
2022-12-08,44.4,45.38,43.96,44.75,39078018.0,2028801619.0
2022-12-09,44.93,46.98,44.8,46.96,69940581.0,3745342826.0
2022-12-12,46.44,47.54,46.09,47.07,46663287.0,2533376175.0
2022-12-13,46.88,47.04,46.39,46.65,30619330.0,1650838607.0
2022-12-14,46.22,47.61,46.22,47.47,26085029.0,1420701035.0
2022-12-15,47.47,48.25,46.05,46.38,27804272.0,1498675160.0
2022-12-16,46.07,46.83,45.63,46.7,19744959.0,1058833013.0
2022-12-19,46.7,47.02,46.07,46.42,16076366.0,864239617.0
2022-12-20,45.83,45.91,44.58,44.59,27245386.0,1417537681.0
2022-12-21,44.35,45.39,44.35,44.69,13074160.0,679672974.0
2022-12-22,44.91,46.07,44.77,45.14,22812320.0,1199123082.0
2022-12-23,44.95,45.96,44.47,45.3,16343914.0,860296627.0
2022-12-26,45.55,45.73,44.41,44.53,15387918.0,795665125.0
2022-12-27,44.79,45.86,44.46,45.78,17339127.0,911438654.0
2022-12-28,45.34,45.62,44.88,45.01,16322911.0,852152449.0
2022-12-29,44.64,45.13,44.12,44.73,11995050.0,619844870.0
2022-12-30,44.79,45.4,44.71,44.79,12773275.0,665300213.0
2023-01-03,44.97,45.17,44.3,44.86,16362802.0,846525405.0
2023-01-04,44.7,46.55,44.66,46.48,26134113.0,1390708575.0
2023-01-05,46.7,47.55,46.65,47.48,29421668.0,1608128838.0
2023-01-06,47.54,47.7,46.62,46.7,19500149.0,1058139217.0
2023-01-09,46.78,47.09,46.18,46.79,20427678.0,1101325466.0
2023-01-10,46.69,47.04,46.2,46.26,15434014.0,829875435.0
2023-01-11,46.22,47.72,46.18,47.13,21461041.0,1171606255.0
2023-01-12,46.96,47.56,46.7,47.36,14581825.0,797908670.0
2023-01-13,47.45,48.43,47.13,48.38,26580330.0,1471250757.0
2023-01-16,48.45,50.47,48.44,49.9,33018079.0,1899010907.0
2023-01-17,49.89,50.31,49.42,50.16,18811356.0,1087194817.0
2023-01-18,50.16,50.59,49.61,49.81,13035753.0,751785488.0
2023-01-19,49.69,49.77,49.03,49.62,19467945.0,1110365667.0
2023-01-20,49.69,50.02,49.26,49.36,10860828.0,621198692.0
2023-01-30,49.67,50.22,48.07,48.12,25619569.0,1445902234.0
2023-01-31,47.91,48.56,47.56,47.73,23259835.0,1290578245.0
2023-02-01,47.81,48.42,47.09,47.99,26724709.0,1474820029.0
2023-02-02,47.95,48.08,46.37,46.66,36767804.0,1990832647.0
2023-02-03,46.44,46.65,45.71,46.1,20830020.0,1109569943.0
2023-02-06,45.67,45.67,44.17,44.32,42185653.0,2172641979.0
2023-02-07,44.41,44.71,44.19,44.53,20900869.0,1075310677.0
2023-02-08,44.44,44.53,43.98,44.11,19101762.0,976761616.0
2023-02-09,43.93,44.73,43.66,44.56,22738253.0,1167989709.0
2023-02-10,44.4,44.75,44.35,44.64,13988866.0,720948239.0
2023-02-13,44.53,45.47,44.13,45.35,30639111.0,1588991529.0
2023-02-14,45.36,45.53,44.8,45.15,21437513.0,1116499050.0
2023-02-15,45.14,45.15,44.26,44.4,17948800.0,924114015.0
2023-02-16,44.19,44.75,43.93,44.34,21698675.0,1115558778.0
2023-02-17,44.15,44.53,44.12,44.43,15806609.0,811189152.0
2023-02-20,44.53,46.43,44.2,46.09,38313606.0,2019572889.0
2023-02-21,46.09,46.52,45.6,46.3,25649338.0,1369820914.0
2023-02-22,45.83,45.99,45.32,45.64,22911545.0,1208465938.0
2023-02-23,45.65,46.59,45.65,46.15,24010720.0,1283774547.0
2023-02-24,45.99,46.17,45.68,45.81,16927779.0,898514540.0
2023-02-27,45.49,45.81,44.85,45.31,16947143.0,888727921.0
2023-02-28,44.98,45.95,44.98,45.36,19404536.0,1019960547.0
2023-03-01,45.41,47.55,45.41,47.23,43297470.0,2350199969.0
2023-03-02,47.22,48.15,46.83,47.43,25548979.0,1408679946.0
2023-03-03,47.78,48.29,47.27,47.73,19741500.0,1090871927.0
2023-03-06,47.42,47.56,46.53,46.55,25935684.0,1403695330.0
2023-03-07,46.56,47.02,45.57,45.71,19473791.0,1041648712.0
2023-03-08,45.53,45.66,45.03,45.22,14494798.0,759112018.0
2023-03-09,45.22,46.05,45.2,45.57,13013102.0,688042450.0
2023-03-10,45.17,45.4,44.12,44.23,19213389.0,991798894.0
2023-03-13,44.11,45.17,44.1,45.02,19483658.0,1009855801.0
2023-03-14,44.72,44.89,43.84,44.23,16501073.0,844706515.0
2023-03-15,44.53,44.65,43.58,43.64,20945617.0,1067097771.0
2023-03-16,43.31,43.57,42.93,43.27,12181953.0,610120756.0
2023-03-17,43.67,44.26,43.29,43.52,20123077.0,1018389815.0
2023-03-20,43.39,44.21,43.32,43.62,16301524.0,826038623.0
2023-03-21,43.71,45.09,43.71,45.05,23146646.0,1191368462.0
2023-03-22,45.14,45.2,44.36,44.71,13554248.0,700825341.0
2023-03-23,44.52,44.97,44.44,44.81,12379007.0,641022829.0
2023-03-24,44.81,45.11,44.66,45.04,13277563.0,689957504.0
2023-03-27,45.04,45.36,44.71,44.84,12768345.0,663222020.0
2023-03-28,44.71,45.04,44.15,44.18,12867893.0,660858734.0
2023-03-29,44.43,44.59,44.19,44.45,12803042.0,656903325.0
2023-03-30,44.4,47.39,44.36,47.1,57157412.0,3061435505.0
2023-03-31,46.79,47.23,46.14,46.53,27788750.0,1500198904.0
2023-04-03,47.56,47.91,46.87,47.29,37391478.0,2056019795.0
2023-04-04,47.13,47.32,46.48,47.24,17989125.0,975597257.0
2023-04-06,47.06,47.56,46.48,46.71,15243479.0,827518348.0
2023-04-07,46.62,47.79,46.62,47.28,15864067.0,869954356.0
2023-04-10,47.04,47.61,46.7,47.35,15649255.0,853817627.0
2023-04-11,47.05,48.75,47.04,48.29,32436552.0,1815026843.0
2023-04-12,48.29,49.07,47.91,47.99,22302460.0,1251325789.0
2023-04-13,47.6,47.81,46.82,46.82,18259494.0,994810155.0
2023-04-14,46.85,47.26,46.55,46.64,14212447.0,771635252.0
2023-04-17,46.62,48.06,46.6,47.92,26228048.0,1444699532.0
2023-04-18,47.73,49.64,47.71,49.1,38706349.0,2197663192.0
2023-04-19,49.1,49.51,48.47,48.49,19188658.0,1084909581.0
2023-04-20,48.58,50.19,48.58,49.33,36794925.0,2114956905.0
2023-04-21,49.64,50.67,49.07,49.16,39892402.0,2311553652.0
2023-04-24,48.6,50.8,48.43,49.32,33992120.0,1960933654.0
2023-04-25,49.29,50.19,48.12,49.85,42962096.0,2450369691.0
2023-04-26,49.31,49.59,48.4,49.03,23934184.0,1357589707.0
2023-04-27,48.57,49.94,48.57,49.52,15777059.0,898336283.0
2023-04-28,49.51,49.59,48.61,49.1,15690551.0,891005835.0
2023-05-04,49.48,50.54,48.3,48.93,26856562.0,1525949937.0
2023-05-05,48.77,48.77,46.77,47.85,34212287.0,1879206731.0
2023-05-08,47.85,48.42,47.1,47.57,20872170.0,1151128787.0
2023-05-09,47.39,48.05,46.7,47.39,18139372.0,995439011.0
2023-05-10,47.13,48.43,46.59,47.91,17462598.0,965082241.0
2023-05-11,48.04,49.05,47.85,47.95,12622453.0,706491978.0
2023-05-12,47.85,49.71,47.83,48.27,16559010.0,935578508.0
2023-05-15,48.3,49.07,47.57,48.94,14066647.0,786956985.0
2023-05-16,48.94,49.5,47.66,47.86,13612588.0,760273937.0
2023-05-17,47.75,48.77,47.4,47.58,9076272.0,501402350.0
2023-05-18,47.69,47.92,47.17,47.56,11069523.0,609452710.0
2023-05-19,47.27,49.17,47.27,48.25,20384343.0,1140023139.0
2023-05-22,48.25,49.25,48.25,49.04,15199783.0,860397294.0
2023-05-23,49.02,49.25,48.32,48.38,15585136.0,878179042.0
2023-05-24,48.27,48.33,46.26,46.35,26674242.0,1447402650.0
2023-05-25,46.18,47.12,45.55,46.7,17143391.0,923732853.0
2023-05-26,46.7,47.09,46.25,46.92,11166052.0,602101038.0
2023-05-29,46.93,47.29,45.9,46.22,17433449.0,936727538.0
2023-05-30,46.22,46.4,44.79,45.25,32084604.0,1678415610.0
2023-05-31,45.48,45.57,44.19,44.39,28064959.0,1445385156.0
2023-06-01,44.51,45.22,44.07,44.4,34893493.0,1711949689.0
2023-06-02,45.4,47.31,45.4,47.04,49939227.0,2566107482.0
2023-06-05,47.68,49.17,46.85,48.98,39939970.0,2119331989.0
2023-06-06,48.98,50.23,48.17,49.23,34261827.0,1866611024.0
2023-06-07,50.4,50.64,49.48,50.17,36908674.0,2035955381.0
2023-06-08,50.58,51.86,50.13,51.66,47553147.0,2680031436.0
2023-06-09,52.22,52.45,50.64,50.95,41065187.0,2319633365.0
2023-06-12,50.96,52.51,50.58,52.08,39621001.0,2256003427.0
2023-06-13,52.0,52.46,51.09,51.41,24850143.0,1409611782.0
2023-06-14,51.97,52.65,51.42,51.83,36000680.0,2057761143.0
2023-06-15,52.0,53.2,51.77,52.67,31276544.0,1814552067.0
2023-06-16,53.03,53.57,52.12,52.99,30006082.0,1745695208.0
2023-06-19,52.67,52.8,51.49,51.59,28911037.0,1651975820.0
2023-06-20,51.69,53.5,51.58,52.29,24381022.0,1413907766.0
2023-06-21,52.67,54.12,52.12,52.92,45130347.0,2649838248.0
2023-06-26,54.33,54.44,52.49,52.8,33558138.0,1957482192.0
2023-06-27,52.87,54.62,52.56,54.2,48123655.0,2851634265.0
2023-06-28,53.99,54.96,53.77,54.21,32790073.0,1964640593.0
2023-06-29,54.23,54.29,52.87,53.7,27678349.0,1635162204.0
2023-06-30,53.79,54.32,53.18,53.5,26487591.0,1563113127.0
2023-07-03,53.47,54.83,52.97,53.63,31876184.0,1892919808.0
2023-07-04,53.83,54.12,52.78,53.49,21944569.0,1290009362.0
2023-07-05,53.66,53.88,53.05,53.69,18701574.0,1103273064.0
2023-07-06,53.7,54.26,52.94,53.01,16957694.0,995554523.0
2023-07-07,52.71,53.2,51.94,52.44,29379608.0,1698410265.0
2023-07-10,52.51,52.61,50.89,51.43,32085974.0,1818167156.0
2023-07-11,51.58,51.83,51.22,51.45,15802795.0,896629010.0
2023-07-12,51.67,52.74,51.22,51.84,18781502.0,1079865899.0
2023-07-13,51.94,52.96,51.94,52.49,16930674.0,978559177.0
2023-07-14,52.44,52.91,51.78,52.18,10500005.0,603243716.0
2023-07-17,51.94,51.94,51.13,51.88,9042488.0,512387287.0
2023-07-18,52.12,52.12,50.55,51.52,23988228.0,1351665336.0
2023-07-19,51.66,52.99,51.46,52.79,27804425.0,1601948634.0
2023-07-20,52.58,53.26,52.16,52.24,14051590.0,815686031.0
2023-07-21,52.26,52.74,51.75,51.88,12070921.0,693513021.0
2023-07-24,51.88,52.09,50.97,51.55,11588757.0,657937835.0
2023-07-25,52.54,53.83,52.49,53.56,37648119.0,2216891659.0
2023-07-26,53.4,54.07,53.1,53.2,18752582.0,1105031414.0
2023-07-27,53.17,53.69,52.99,53.1,15197044.0,893501893.0
2023-07-28,53.3,54.32,52.77,54.25,24004126.0,1424164599.0
2023-07-31,55.35,55.67,53.71,53.87,32518268.0,1952524583.0
2023-08-01,53.87,54.2,52.79,52.9,20418627.0,1197877269.0
2023-08-02,52.76,53.41,52.46,52.94,23543608.0,1370719586.0
2023-08-03,52.65,52.85,51.75,52.65,23362911.0,1344124458.0
2023-08-04,52.94,53.57,52.5,52.6,19663692.0,1147020985.0
2023-08-07,52.48,52.84,52.07,52.56,15370696.0,887391729.0
2023-08-08,52.22,52.26,51.72,51.76,13635468.0,779253638.0
2023-08-09,51.93,52.4,51.8,52.27,15143409.0,868904097.0
2023-08-10,51.95,52.03,50.4,51.17,38530464.0,2159087492.0
2023-08-11,51.12,51.26,50.07,50.11,25533312.0,1419423215.0
2023-08-14,49.49,50.46,49.29,50.34,19516687.0,1073370152.0
2023-08-15,50.23,50.45,49.58,50.09,16370434.0,901353362.0
2023-08-16,49.76,50.27,49.36,50.15,15358726.0,843256905.0
2023-08-17,49.85,50.8,49.52,50.71,15216504.0,842880581.0
2023-08-18,50.65,50.72,49.61,49.75,13463834.0,741138399.0
2023-08-21,49.59,50.27,49.35,49.38,13117158.0,718680501.0
2023-08-22,49.31,49.65,48.5,49.37,23054276.0,1249497364.0
2023-08-23,49.15,49.64,48.67,48.78,15798313.0,854634875.0
2023-08-24,49.03,50.35,48.58,49.99,25583579.0,1398433375.0
2023-08-25,49.9,50.84,49.51,50.18,16472788.0,907722078.0
2023-08-28,52.03,52.65,50.65,51.0,28800377.0,1624044691.0
2023-08-29,50.74,51.3,50.44,50.9,21787121.0,1221870560.0
2023-08-30,50.89,51.92,50.59,51.6,23366421.0,1323189377.0
2023-08-31,52.03,52.49,51.29,51.32,28083765.0,1596998960.0
2023-09-01,51.76,53.12,51.75,52.61,26650564.0,1541478628.0
2023-09-04,53.12,53.4,52.32,52.87,20090011.0,1169057320.0
2023-09-05,52.91,53.11,52.31,52.47,15309015.0,887170820.0
2023-09-06,52.22,52.67,51.65,51.92,20888335.0,1194824718.0
2023-09-07,51.84,51.87,51.31,51.37,13639911.0,774015905.0
2023-09-08,51.52,51.61,50.68,50.93,8400181.0,471931158.0
2023-09-11,51.13,51.65,50.86,51.24,14072130.0,793322668.0
2023-09-12,51.23,52.41,51.13,51.95,16403440.0,937947089.0
2023-09-13,51.85,52.25,51.49,51.76,10743402.0,613122121.0
2023-09-14,51.77,52.0,51.09,51.35,10289465.0,581688866.0
2023-09-15,51.43,51.48,50.22,50.66,16451182.0,917665599.0
2023-09-18,50.67,51.39,50.14,50.94,14427793.0,808841172.0
2023-09-19,50.84,50.99,50.35,50.9,12366126.0,689874974.0
2023-09-20,50.88,51.98,50.61,51.66,21380110.0,1210967114.0
2023-09-21,51.65,51.65,50.87,51.14,16769142.0,946858135.0
2023-09-22,51.39,51.86,51.01,51.81,22170248.0,1259327923.0
2023-09-25,51.66,51.66,51.06,51.43,16643159.0,941423313.0
2023-09-26,51.54,51.94,50.85,50.85,18934941.0,1067479335.0
2023-09-27,50.85,51.45,50.34,51.03,18810949.0,1054884218.0
2023-09-28,51.21,51.31,50.32,50.38,17097578.0,953613284.0
2023-10-09,50.36,50.95,49.85,50.63,28659545.0,1591907096.0
2023-10-10,50.39,50.64,49.42,49.74,21499637.0,1179223500.0
2023-10-11,49.72,50.75,49.49,49.74,20418379.0,1123573121.0
2023-10-12,49.94,50.38,49.59,50.2,17604242.0,970427692.0
2023-10-13,50.12,50.34,49.52,49.94,12996004.0,712981554.0
2023-10-16,49.76,50.32,49.76,50.02,15020214.0,826944835.0
2023-10-17,50.02,50.84,49.99,50.74,16830158.0,936368372.0
2023-10-18,50.56,50.75,50.14,50.37,10637084.0,590623193.0
2023-10-19,50.21,50.21,49.2,49.25,20196084.0,1103206370.0
2023-10-20,48.98,49.09,48.02,48.29,21089804.0,1123754128.0
2023-10-23,48.13,48.7,47.87,48.36,16864366.0,897561653.0
2023-10-24,48.14,48.57,47.4,48.29,25019782.0,1323069266.0
2023-10-25,48.85,49.05,47.35,47.6,25856546.0,1364767551.0
2023-10-26,47.42,47.87,47.25,47.68,15165512.0,794020501.0
2023-10-27,47.55,49.04,47.41,48.8,25318794.0,1352282943.0
2023-10-30,48.43,49.62,48.43,49.49,16488474.0,892765170.0
2023-10-31,49.31,49.31,47.86,48.06,23807212.0,1263696550.0
2023-11-01,47.96,48.55,47.86,48.14,18933823.0,1004719416.0
2023-11-02,48.13,49.41,47.96,48.29,20085478.0,1072266180.0
2023-11-03,48.24,48.45,47.87,47.95,17740644.0,939971081.0
2023-11-06,48.13,48.4,47.86,48.26,24918224.0,1322403103.0
2023-11-07,48.22,48.38,47.75,48.22,18898188.0,999762782.0
2023-11-08,47.81,48.12,47.68,47.99,21385728.0,1128009345.0
2023-11-09,48.02,48.43,47.54,47.63,14146893.0,743811714.0
2023-11-10,47.49,48.0,47.45,47.86,13027077.0,685147777.0
2023-11-13,47.8,47.8,46.02,46.37,38291558.0,1957444236.0
2023-11-14,46.33,46.69,46.13,46.39,24802793.0,1266466646.0
2023-11-15,46.71,47.0,46.27,46.8,19636284.0,1010107978.0
2023-11-16,46.68,47.39,46.59,46.99,21605533.0,1121013155.0
2023-11-17,46.86,47.19,46.5,47.09,13513422.0,697252680.0
2023-11-20,46.8,48.04,46.8,47.61,18219075.0,955124720.0
2023-11-21,47.78,48.3,47.63,47.63,15845902.0,836507594.0
2023-11-22,47.63,47.77,47.13,47.36,9786906.0,511071755.0
2023-11-23,47.36,48.07,47.08,47.91,10103351.0,529662623.0
2023-11-24,47.95,47.99,47.28,47.66,15724530.0,822539515.0
2023-11-27,47.61,47.61,46.99,47.19,15922506.0,827425456.0
2023-11-28,47.4,47.95,46.79,47.7,21787637.0,1138681641.0
2023-11-29,47.7,47.75,46.97,47.23,12426538.0,646048742.0
2023-11-30,47.05,47.22,46.68,46.92,12861862.0,664815261.0
2023-12-01,47.49,47.55,45.7,45.9,31604983.0,1604750727.0
2023-12-04,45.84,46.12,45.26,45.49,22058672.0,1107559874.0
2023-12-05,45.49,45.58,44.7,44.7,22510318.0,1120255577.0
2023-12-06,44.55,45.09,44.27,44.66,19114114.0,942351431.0
2023-12-07,44.82,45.85,44.7,45.6,25021860.0,1251685067.0
2023-12-08,45.57,46.39,45.49,45.71,21811340.0,1102240031.0
2023-12-11,45.27,46.68,44.7,46.33,25201467.0,1272635678.0
2023-12-12,46.77,46.81,46.06,46.31,17204815.0,879672020.0
2023-12-13,46.22,46.3,45.87,46.03,12858695.0,652164458.0
2023-12-14,46.23,46.74,45.93,46.21,16563410.0,847402713.0
2023-12-15,45.87,46.4,45.68,45.7,20470155.0,1034871742.0
2023-12-18,45.43,46.48,45.18,46.39,22307469.0,1133044740.0
2023-12-19,46.39,46.39,45.82,46.09,16954533.0,859776400.0
2023-12-20,46.09,46.68,45.88,46.34,25417029.0,1298397556.0
2023-12-21,46.51,47.47,46.19,47.24,27421212.0,1422425462.0
2023-12-22,47.14,48.12,46.95,47.92,22728114.0,1194539708.0
2023-12-25,47.78,48.36,47.61,47.83,11314960.0,598032182.0
2023-12-26,47.78,48.34,47.7,47.95,16152328.0,855413703.0
2023-12-27,47.93,48.76,47.87,48.67,20306883.0,1081963247.0
2023-12-28,48.53,49.18,48.36,49.08,24728048.0,1331261038.0
2023-12-29,49.1,49.93,48.78,49.61,25937253.0,1410074987.0
2024-01-02,49.61,49.99,49.22,49.55,23905697.0,1305162004.0
2024-01-03,49.57,49.76,49.13,49.45,20689673.0,1126649739.0
2024-01-04,49.64,50.24,49.45,50.17,26702502.0,1467886385.0
2024-01-05,50.13,50.93,49.81,50.49,30042877.0,1669357551.0
2024-01-08,50.49,50.49,49.6,49.94,27809739.0,1531117699.0
2024-01-09,49.68,50.24,49.14,50.1,21607041.0,1184711712.0
2024-01-10,50.1,50.64,49.8,50.14,17820813.0,984854746.0
2024-01-11,50.14,50.39,49.7,49.94,21236920.0,1168392665.0
2024-01-12,49.85,50.59,49.56,49.94,24361080.0,1343879865.0
2024-01-15,49.8,50.83,49.64,50.74,19124097.0,1063527119.0
2024-01-16,50.5,51.72,50.04,51.69,33730399.0,1903147107.0
2024-01-17,51.43,52.02,51.19,51.19,26914126.0,1530395102.0
2024-01-18,51.57,51.75,50.02,51.22,39023100.0,2175726536.0
2024-01-19,50.85,51.4,50.73,50.98,29937004.0,1681993909.0
2024-01-22,50.74,51.45,50.02,50.25,35980322.0,2017295149.0
2024-01-23,50.42,51.48,49.76,51.2,28848518.0,1612570166.0
2024-01-24,50.99,52.16,50.87,51.93,26463721.0,1503303923.0
2024-01-25,52.03,52.21,51.07,51.17,24963629.0,1412367268.0
2024-01-26,51.17,52.44,51.17,52.22,32745737.0,1874299633.0
2024-01-29,52.58,54.01,52.39,53.3,37498736.0,2204469370.0
2024-01-30,53.3,53.76,52.67,52.87,27373299.0,1604993046.0
2024-01-31,52.59,53.52,52.14,52.9,25544153.0,1486711039.0
2024-02-01,52.88,53.99,52.67,53.4,30340175.0,1785789271.0
2024-02-02,53.12,53.47,52.04,52.9,28950504.0,1687829337.0
2024-02-05,52.67,54.12,52.51,53.99,46160268.0,2724269122.0
2024-02-06,53.81,55.2,53.6,54.44,37946385.0,2279549238.0
2024-02-07,53.84,55.55,53.6,55.49,46195919.0,2791586567.0
2024-02-08,55.66,56.63,54.47,54.75,34723180.0,2112587867.0
2024-02-19,56.03,56.03,54.31,55.03,35695854.0,2157379733.0
2024-02-20,54.76,56.11,54.19,56.03,29630917.0,1807531882.0
2024-02-21,55.39,56.8,55.1,56.04,27797182.0,1719403866.0
2024-02-22,55.58,56.11,55.42,55.71,19259055.0,1180530930.0
2024-02-23,56.01,56.39,53.87,54.14,43093597.0,2580957129.0
2024-02-26,54.35,55.85,54.35,54.76,34097731.0,2070387072.0
2024-02-27,55.02,56.29,54.58,56.23,28014795.0,1720508595.0
2024-02-28,56.3,56.58,55.35,56.14,25367364.0,1568616989.0
2024-02-29,56.3,57.65,56.07,56.87,48920998.0,3071855396.0
2024-03-01,57.66,58.58,57.1,58.54,32844906.0,2102800960.0
2024-03-04,59.03,59.93,57.66,58.66,37384392.0,2415284580.0
2024-03-05,58.71,59.39,57.62,59.06,35525326.0,2288367736.0
2024-03-06,58.93,59.51,58.39,58.58,21923001.0,1422222516.0
2024-03-07,58.53,60.52,58.3,59.75,30634033.0,2020641414.0
2024-03-08,59.82,60.38,58.92,60.02,26125410.0,1714883401.0
2024-03-11,60.02,60.02,58.63,59.41,28027002.0,1826293592.0
2024-03-12,59.34,59.34,57.25,58.24,50739915.0,3241294651.0
2024-03-13,57.81,58.42,57.21,58.18,32723164.0,2084900582.0
2024-03-14,57.99,58.8,57.75,58.57,31531677.0,2026233407.0
2024-03-15,58.47,58.57,57.48,58.14,25463904.0,1624685427.0
2024-03-18,58.01,58.02,56.62,56.63,42501113.0,2667915014.0
2024-03-19,56.48,57.32,56.46,56.85,29794618.0,1867932284.0
2024-03-20,56.48,56.76,55.76,56.19,37790890.0,2337851554.0
2024-03-21,56.22,56.34,54.6,54.98,39189153.0,2377326996.0
2024-03-22,54.99,56.89,54.94,56.86,43156777.0,2671677605.0
2024-03-25,56.47,57.81,56.1,57.12,26903326.0,1694247611.0
2024-03-26,56.58,57.44,56.58,56.96,25353749.0,1591428438.0
2024-03-27,56.78,58.92,56.76,57.82,34842794.0,2227887825.0
2024-03-28,58.33,59.38,57.37,58.64,45185411.0,2915943394.0
2024-03-29,58.64,59.69,57.81,58.32,25468858.0,1638381690.0
2024-04-01,58.57,60.19,58.21,60.13,32771225.0,2146737286.0
2024-04-02,59.93,60.42,59.71,60.16,22653632.0,1497277780.0
2024-04-03,60.12,60.75,59.92,60.6,20626495.0,1370613983.0
2024-04-08,60.59,60.71,58.73,59.32,32434492.0,2125546169.0
2024-04-09,59.03,59.57,58.86,59.06,19478279.0,1270147986.0
2024-04-10,58.91,60.12,58.63,59.18,18081970.0,1184377719.0
2024-04-11,58.98,59.89,58.67,59.09,19004769.0,1239842458.0
2024-04-12,59.02,59.57,58.64,58.93,21734388.0,1414407755.0
2024-04-15,58.93,60.84,58.76,60.7,31783741.0,2102897321.0
2024-04-16,60.64,62.45,60.45,62.03,39191380.0,2659237097.0
2024-04-17,61.75,62.48,60.82,62.28,24549649.0,1664966380.0
2024-04-18,62.28,64.77,62.1,63.57,39542136.0,2777734457.0
2024-04-19,63.05,64.09,63.05,63.57,28812335.0,2017233100.0
2024-04-22,63.75,64.65,63.11,63.55,28943754.0,2032072605.0
2024-04-23,63.41,63.57,61.38,62.1,38217940.0,2605557575.0
2024-04-24,62.06,62.33,60.61,61.66,30783047.0,2079963046.0
2024-04-25,60.96,62.26,60.96,61.97,22033298.0,1500859468.0
2024-04-26,61.98,62.34,61.22,62.09,24225747.0,1650078938.0
2024-04-29,62.02,62.55,61.05,61.93,33226398.0,2264197665.0
2024-04-30,60.7,64.61,60.66,63.37,57131843.0,3988190598.0
2024-05-06,64.02,64.89,63.25,64.48,46179914.0,3263609833.0
2024-05-07,64.3,65.68,64.13,64.57,30431457.0,2176139138.0
2024-05-08,64.02,64.78,63.92,64.25,17661960.0,1252248295.0
2024-05-09,64.47,65.69,64.13,65.25,28571831.0,2046734810.0
2024-05-10,65.56,65.68,64.78,65.27,22487905.0,1616063316.0
2024-05-13,65.27,66.28,64.2,66.03,27167410.0,1965130433.0
2024-05-14,66.0,66.19,63.75,64.33,39923610.0,2827063811.0
2024-05-15,64.93,66.45,64.57,66.13,30189455.0,2090761786.0
2024-05-16,66.13,66.17,65.22,65.73,24600403.0,1703048548.0
2024-05-17,65.2,65.88,63.06,64.49,41848256.0,2828611123.0
2024-05-20,63.52,64.35,62.76,63.11,42643037.0,2846862349.0
2024-05-21,62.82,63.8,62.75,63.09,24358794.0,1626841822.0
2024-05-22,62.89,63.08,61.91,62.01,26105215.0,1715205332.0
2024-05-23,62.0,62.75,61.62,62.32,24096149.0,1582459055.0
2024-05-24,62.0,63.49,61.71,63.15,25926968.0,1724580967.0
2024-05-27,63.04,64.73,62.13,64.07,30546219.0,2062139516.0
2024-05-28,64.08,64.25,63.04,63.54,19173667.0,1284865352.0
2024-05-29,63.13,63.7,62.09,62.42,24132098.0,1590410761.0
2024-05-30,62.29,62.75,61.75,61.79,19358623.0,1269509292.0
2024-05-31,61.8,62.16,61.19,61.39,26129419.0,1696172930.0
